-1.2934164198234421,0.4625158651611964,-0.7796950580492092,-0.47767927139661803,-0.4438795454685849,-0.24069988086583138,0.10381507888431293,-0.7670138513125359,-1.1705273648814498,0.7447908438540678,1.9730907817285768,-1.5240582972706052,-0.8534632317417403,0.14922468152318744,0.2361748304887375,0.22973651420890515,-0.1610019565820561,0.48332191337347713,1.1187544597181032,1.7043353911704764,-0.910519607116103,-0.10016698357458587,0.47369640680041203,0.042017556523206365,1.1474645481542158,0.1738780891973944,0.5387559637133171,-0.7088712044638139,-0.5136754597593919,-0.375642723400461,0.4631387623796785,0.7703954912231518,-0.19501259474617774,0.2857282714805654,-0.757884160509937,-0.39088703529004915,0.04500599862628465,1.5408515377759424,1.0809454627804673,0.6923899786693698,-0.7803544803568372,-1.7652564124847476,0.2982283359733021,0.26130332475680806,-1.0151292421994553,1.15967706510953,0.744739172560493,-0.4969808901761193,-0.7492196433247957,0.6216808215166165,0.3350118007879355,-1.2085984881394065,-0.021487170883181448,0.27998728340177215,-0.3584388405395829,0.19058993633769886,-0.32086317058457675,0.33341150129839137,-0.11890403714126277,-1.4349828872711363,-0.3138145709742093,0.2223628613288749,-1.7531927344061478,-1.6004802258436146,0.5085805480271551,0.6804635166153583,1.4450754886431079,1.598295496907971,-0.12892658492056683,-0.29680098143068423,-1.0564281820692683,-0.21889090232060704,0.15759039171634226,1.4189683820476473,-0.5775329938156903,-0.735101434426115,1.165345630450843,-2.4153188153818688,0.4749045230244241,0.30469907964888865,-1.3350744949946043,-0.3305309815109146,2.0228741434351107,1.3995998595465557,-0.2820259898831294,-0.5146746720622564,1.4116318016296765,-1.2569387211849448,-1.5099679116929041,-0.49835162607590167,1.4850871266380543,0.8620836622426483,-0.6515785651583671,-0.9250011577410632,0.004267036027311529,-0.0452056881526293,-1.5597268437666074,0.8541686292344225,-0.2518529559680957,0.7224068143308142,160.9795755804991
0.9711863438282523,-0.4896006624359061,-0.44146685751534526,-0.6379095897340539,-0.3107908515290023,1.0987253397362624,0.5843686797587625,0.005340712618759563,-0.7675559038286893,-1.2448315109376182,-0.4842816637390769,0.005509222687506646,0.7251592937128348,-0.8728039733803183,0.37953454257055735,1.3826140284466208,1.3466814779826521,-0.20807403411985922,0.734587015255368,0.2422775775595393,0.20147558889911446,-0.7340911780055861,-1.1301483955970109,-0.6151861032114109,-0.03928177447965125,-2.8864188232263186,0.09472450348978913,-0.301437639121381,-1.189716858922979,-1.1623111324279594,0.381781426354679,-0.9112725959422038,-1.337586814315241,0.18308960075399752,0.7962528865729923,1.1297980130306933,-1.8915588842323876,0.13527676638273434,-1.2200915476288663,-1.2213784807993822,-0.49201762348666384,1.0816997058764157,-0.23169274436347773,0.06580607396404664,0.3406268922615789,0.8978895268076159,0.5317863085449268,0.14269978215024892,-0.9612546069332756,1.2944375686687732,0.10516327109857816,-0.832943431990796,-0.04726071524469882,0.2908144257917359,-0.2678833949430611,-1.07138490107216,0.08077401930831246,-1.808230748284664,1.2998759262503579,0.6603676836733658,0.1471785633098678,0.5050704877502362,0.4332649333688297,0.5192110554852714,-0.6552472246556166,-1.755966783962596,0.0563403771104638,1.6429399653295895,-0.26684057196632727,-0.6012961291810862,-0.15506110753440117,-1.2681610896722308,-0.6089647685080105,-1.6037521544765714,-1.86488895323572,-0.620721306593135,-0.22947386993590901,0.02752061178676792,-0.27298901842716566,1.114066801848825,1.189952377264081,0.9845200643128257,1.7372722475748106,-0.24346889249690812,0.11101227983175402,-1.814495276364624,0.12711122531690494,0.010486720195110245,0.7819031009282097,-0.3730693129684881,-0.9552184891228923,0.08742440860410591,0.39229700668057116,0.5782462159803531,-0.3426759694439434,-0.6782121402175505,-1.3376565827702085,1.0297501375965334,-0.6527765288881894,-1.5191649368784956,188.39629240073305
0.3489396152213897,1.280037693278027,-0.30357701525012426,0.17327078325556122,0.6470370721597303,0.48636511618492706,0.5607225506362118,1.1836808387335784,1.0176673496424327,-0.09275906056185972,1.2445235929482832,-0.716047148679385,0.4746281712871051,1.4499245506218568,1.0451499974144491,-0.16564605630695256,0.3283942213647353,1.3045724832998713,1.8908688331134922,-0.5440217162187064,-0.4023849628185118,0.4011276124622181,0.20914720839559056,-0.5776651341655747,1.0455252987178045,-0.7335114452398983,1.0027172979181487,1.3046082086687145,-1.6760937321435059,-0.15979360124035963,0.575628867653776,-0.4825286748352674,-0.18793499030629884,-1.8697302803313112,-0.0776618550792656,0.6077821633358691,-0.027511919441563774,0.55679110586588,0.33168101927733473,0.14325435345743903,0.11524581272575261,0.9102288469532361,-0.34192263076988166,0.11373417021934461,-1.137916616158318,0.870021425736913,-0.5836623865212283,0.3411673547685732,-0.8360192445217038,1.1845051587582793,0.7893858468448771,-0.5385298490615638,0.41576198367620815,1.2223051931858797,1.0086928446155097,0.7267404742185876,-0.6862971322399443,-0.5075098271808641,-0.3531705896441536,1.3890718902584962,0.709205472549884,0.1660934395395534,0.391099635010597,-0.6210764856652461,0.2313947169362648,0.004829473092858404,-0.33992117258949894,-0.10294906778343922,-0.9244836782197677,1.7555542449499577,-0.49056721478101,0.9534437051222986,-0.4759540694725585,1.216802213152047,-1.5384305275058296,2.6016593119109994,0.1835636671507158,-0.7133923319957732,-0.8447991018811607,0.7302727625526118,-0.44895536271826386,-2.199463529626944,0.11728209682097693,-0.07831667302379583,0.25924378804638043,3.0869080868217713,-1.2615996666099272,-0.9779979864438085,1.568409963743805,-1.3347332753375507,0.9136100995794614,-0.6089872376208961,-0.23504449981113043,0.6179534489173591,-0.29181476242296217,-0.9931432944930944,1.0636861458331175,-0.21122164331781132,1.4530464540308192,-0.35163915559238434,77.34983959407299
0.04486714081304789,-0.7693117452306728,0.5116559565933951,0.4230388575406778,-0.06666698563330785,-1.7948859453139343,0.6693885984825854,0.8908626103041589,1.1257298360904535,2.1320252561596895,-1.302291770190212,1.7283594287612747,1.3281130767584872,-2.0059183377585015,0.8999832472622451,1.4041608378852262,-0.9672792716577205,-0.6285182058103636,-0.25740436547477824,0.18008442607290182,1.4235904134092543,-0.07486508343939663,-1.0230910939809572,0.5051641092716189,-0.128306246081963,-0.7613947226399881,-0.7248805995582742,-1.4311678350966934,-0.5248155808079471,0.3113435523890952,-1.4886571360027028,-0.5575695436362843,0.6222650547150294,0.23384607678233682,1.98375206722758,1.3615197615080687,-0.018599901094606183,-0.33310594711089025,0.5392812797552407,0.5767017108246946,1.2287251622294568,-0.14835335597941354,0.8909633829270033,0.45859024840905305,0.42206109588764795,-0.7665423784156359,0.8900212873043529,-1.2241910554297317,1.5469816046618239,-1.1583558421915892,0.310751384010184,0.017633210420090212,-0.9668486271182256,-0.4081149096276336,-0.633558096684808,1.7600625557385916,-0.8330222059790254,-2.3779807040453065,0.9116543882401553,1.0139622964173955,-0.026215082430588017,1.3687069798747158,0.9124518230040204,-0.33928505738591347,-0.4805032945108986,-0.22999362510507504,0.3605340659180449,-0.9103559230922376,-0.33206570830793086,0.4991809437157308,1.072308777573842,-0.2806059689933832,-0.7686115581185404,1.781935427608468,0.4307550957583083,0.6034859484242149,-0.34425749015642193,0.4328020600047425,-0.4504168239211887,-0.6613010639739334,-0.21492635048125242,-1.5721143101541901,0.15745521052840855,0.8114646631622513,-0.6027337185896555,0.449667508866121,-1.5412980484582268,-0.07105514016502144,-0.21552480130889803,-0.99985757600668,-1.1972701843861466,0.9621200618817519,0.050269548378163595,-0.22668822782510462,0.5303039859605788,-0.38263107129145113,-0.5577345743033928,0.4122589715863841,-0.6250219752048795,-0.8746935914213753,191.64775218667313
0.5518029307107098,1.4623471718015637,-1.016995349198622,-1.536050773569166,-0.33574975568452636,-1.175904072977385,0.7469374489679947,0.10979728177626283,0.2608902266786844,0.8245413787375198,0.8701588583887121,-0.2961266087750871,0.15392900257168032,-0.2712671449313565,0.00948858789956064,-0.9652889933301909,-0.3436058002850014,0.6656639489027312,-0.3503402328206231,1.418152996170096,-2.674816704357882,0.00354799028380341,0.07719006458331892,1.3401200285043557,-0.04275004127107677,0.722997469784608,-0.4849259788072251,0.021038365345728467,0.1029543978273505,-1.983737199018359,-0.3551230938930836,1.6351084879572375,0.2425027481953708,-0.5236738654787645,0.09132963751954154,-0.39021599120766454,-1.6415655520470194,0.5440394590688922,0.6861735161159738,1.3176838503123027,-0.3346332871005484,-0.4094120120100606,0.32573352896039987,0.5319129882750312,0.09935814400796272,0.019092987082670182,1.4946368706900541,-0.727592253067535,-0.038140520171607496,1.4680757831994917,0.6555144854008423,1.4239416786263783,0.2864763904028898,0.7506759610049912,-1.5524839785020272,0.0635024432866152,-0.28797805291342393,2.0605270643049876,-1.0833506547912901,0.383704440977721,-0.4889484588810058,0.8229901825044862,0.9643077001022887,0.6909755397482774,0.749051253244188,-0.04885320123666902,0.12958457187230518,-0.895148234597541,1.8556889411877107,0.5555078958903562,1.7169401913963798,-1.5284579938559513,-0.30531713654048953,-0.9950036399405653,1.4156457329645056,-0.586670976847514,1.280818318419664,-0.271947043197646,0.9201382272611994,-1.0443321858307026,-1.0777520383289783,0.5443012306622027,1.6131059807710322,0.6397122051979683,0.4469591820509077,0.7599813457431972,0.16460845196521687,-1.478071068374491,-0.4026204432493045,-0.8050766580806403,1.0010923201382076,0.5003401329829412,-0.44194367323813355,-0.5662642863744463,-1.2092500767588812,0.14702827553205433,-0.35612965562684806,-0.5074641626150008,0.429420374616257,0.3980867154072009,264.4952051718435
-0.7579645120806913,-0.4935311286780927,-1.5024598617631637,-0.4285879299964676,0.8314931595933082,-0.9919338138124496,-0.9788358276690197,0.6668075413341429,-0.4545694401379362,1.3239630485209786,-0.5434974298907046,-0.8520237913033937,-0.6153824195370186,0.5537532510073284,0.08119054859828144,-1.002223312504522,-1.4839661002348552,0.9934885990130492,2.293518856874283,-0.15046194831571333,-0.6053831050612535,1.62216721953958,-1.3013675241413094,0.4708662561329025,-0.4054195050011879,2.1502282272243582,0.0749047615399076,-0.9362343751372165,0.5580721795170247,-1.6884946964915877,-0.620968850546718,1.3159367814305445,0.5457250349137426,0.2748922600333766,-0.6292427608015065,0.0846284493671263,0.8051343431368232,0.2382649892241412,0.5020977701427163,2.266788472072136,0.2680473404607606,0.2226240769479424,0.5596027481823718,-0.9251581043079051,-0.5109923396271112,0.366068604306505,-0.23343057363954162,-0.9856321195918708,-1.0634049828670529,0.7096704493886714,1.0880442168836681,-0.19502876503771488,-0.40605750321123796,-0.5141542964050339,-2.0940267100175416,-2.527639776155962,0.24370264766625754,-0.15416564110252326,0.8265483688358966,-1.1929852287542388,1.4700092354659873,0.6359778109100275,1.0118773846362226,0.402445558299426,-1.5472562792730151,0.9645340489593559,-0.7833385553067809,-1.128139655484954,0.747818443127184,2.18239945776144,-1.2722563816367467,-0.6723644756016975,0.9214881608077962,0.4380714813838176,0.6039218799941471,1.7375774414769538,0.5379815889739282,-0.8180090079018091,0.9745494309633926,-0.30763504403326547,-1.2337095167312788,-0.8893927012608507,-2.035118721579541,0.9375069438087472,1.0271907618375231,0.8244283150993317,-0.08639226138132593,-0.10047189446830487,0.818729829940513,0.031276025552919896,0.8089809001448378,-0.7867702361823508,0.3762395407843722,-0.402596496470077,1.7497531591129774,-0.08900760951121879,0.036522390214324844,0.6209879138863189,1.1577570551063137,0.517780614380938,-195.71520333783747
1.2670316913994828,-0.693784930008927,-2.545615377526975,-0.44302965404469963,-0.41146091260026607,-0.6144974316137937,-0.7372244643943867,-0.8252982709493774,0.8759100695169327,1.6144336886788409,-0.3981819949777087,-0.4112979997416068,-0.408405888267492,1.2308699771804419,-1.661924359993691,-0.7405793537072838,0.4117613241776627,-0.12331342868017302,-0.4138450543789475,-1.084239406435257,0.5491154116436273,0.5332852962153393,0.16726864910743072,0.5509703483348625,-1.6448642732890117,-1.3904437714897606,-0.7974267319125277,0.06276818495343593,-0.455770205231134,-0.3805631654768451,0.5186420390723565,0.6340411247129168,1.414905082917212,-1.7698980298601885,-1.499975612110418,-0.5203331403963505,1.0152014809618988,-1.0284033755153559,-0.3535672396532509,0.6459570624951506,-0.2732400818976258,1.5743512361539527,-0.3311209810226249,-0.7097872171698356,-0.29397990288511194,2.0422333549475633,-0.20815212542251418,1.696597449270126,-1.4999984847919612,1.3375140520606663,1.9959342826297737,-0.168571227990242,-0.7796145038898146,1.5452756539227483,-0.8263853245477703,1.9894256600924798,-0.8936601466276717,-0.09388118766911323,-0.05418915341287824,-0.13205781681316292,0.6167654175734659,-1.1751763655541503,-0.6120741223312112,0.03807365500011539,-0.005708393076897304,1.0617538169985061,1.4077818931056134,1.6219226766062071,0.8140916405282511,0.5207963123660522,0.5417781275082438,0.0962230703320118,-0.18699137125142992,0.11262132450501901,0.3388184110377758,1.0624630721759232,-1.9582304749563682,1.467804601907759,-0.5151510109820622,0.22306198012775874,0.39603522359492016,-1.3918590147954744,-1.1899808966803238,2.22887599363323,-0.6221278310599075,0.49123374352224636,0.9994958221661484,0.6392293397941454,-0.3594515947607627,-0.034020738429270385,1.0750692731607747,-1.101701618644497,-1.2970702191913455,-0.21134286808543928,0.8070500709016157,0.5267934531533367,0.0372374117886671,0.14885146315743736,-0.4359475826529522,-0.6457673023228159,-279.1784555210984
-0.2109132032754737,0.8343410893478475,-0.12730423905476185,0.010436038907806996,-0.41391354646277184,-0.4582577250830338,-0.688819638943394,1.534128367693889,-0.7519033776626519,-0.418690526912408,1.2666609183525035,-0.8145420851971672,1.1819414386189049,0.9255911416079906,-0.5474845773940139,0.3968988308678015,0.2527035578343834,0.3713537504508155,0.3385263359677547,1.3097417745270838,-0.4118251095722398,0.4135810881371839,0.7792867453680351,1.2953929864108398,-1.9065318798473887,-1.5585586242547278,0.5334175704324483,-0.706946766398479,-1.9728878007799922,0.9860746853686021,0.24644906067103994,-0.1198346537458693,1.1638482572823274,0.17248227587314105,0.40322890012998586,-1.0151085187394733,-0.22722647232149007,-0.953660266291273,0.45051164373785424,-1.2457001945586723,-0.30648429192501886,-0.024481645121763224,-0.26524534002233524,0.890201716977823,0.1210987285503358,0.7814148994594272,-1.3105906708888027,1.0227724384624695,-0.5686464989799918,1.9419110477099246,-1.1896122548675183,0.4512369634620153,0.6107030868710515,0.12005222868240983,-0.0963696990427696,0.3735042446709831,0.6232920472925435,1.0868966584466133,1.1356124261216727,-0.7498717044175179,0.7788542956060812,0.9434591971712187,0.04020267672654679,1.2394151727135039,-0.8885680870929283,1.1379555633146052,1.3152195785407785,0.13336404000325333,0.10072022254638768,0.8030614445562605,-1.0551535400630245,-0.11841750073598181,-0.22391322242257936,-0.26809862382151445,1.011878452010535,-0.716963505716184,-1.0220759826447057,-0.2749242307763991,0.40814140586071235,0.05698176081596481,-0.10029541317266988,-0.041853396218492496,1.0120929710209914,-0.35480749828895225,0.20486266162953956,-1.8504789386263563,0.09319128378498982,0.21088363148719555,1.3123635216415037,1.4251951940105456,-0.09621103259646906,-1.0265873671922026,-0.7025319779470245,0.8574169365137286,-0.13821756583347458,-0.8348577371861566,-0.009362071101146757,0.338965358494592,-0.571494268795397,-1.3772328998737895,225.6214135665103
0.3381174953760266,-0.012519469685945106,0.7242887607271081,-0.23409350138704219,-2.375923408416887,-1.3974173393330998,-0.10749751601229145,0.05581360032103083,0.2701413933857031,-0.7245052028341784,1.628090803762764,-0.6909373976420744,1.5661115361505027,0.26435931707658966,0.30329833150023683,0.10616399977894973,-2.712695561984726,1.172389915398081,-0.16329369351836942,-0.09108470321584504,-0.21140465000215602,-0.22174668881340845,-0.34755345795518683,-0.7114797529586472,1.2184673152696694,-1.0828298845551978,0.7006919882819451,-0.09588264428785429,0.8383438607606408,-1.3834292383001991,0.5636224255331209,0.09858915731154264,0.36877479286652565,0.22115096729449,0.3585979330332726,-0.16306734734260425,-0.6902404202538409,-1.203818230632803,0.028165872541476827,-0.9428846293491553,-2.244403908726612,1.359331538438593,0.48946532471504467,0.9432230723060319,-0.4585244146057554,0.9576989116592579,-1.2044126716301782,-0.9967806212876882,-0.5226585716334786,-0.422928176071097,-0.9256467561815861,1.108708458786456,-1.3867811588656815,0.005168226224444724,0.24929560083385638,1.7092326053004954,-0.1553675777367226,1.6292558250974432,0.00946327716863728,-1.299923715219298,-0.6211477413472405,-0.7116120183129995,0.18670150623389084,-0.5878256454702775,2.5257019623171493,-1.2507762666322344,-1.3076672828695322,1.19048749153371,-0.465591437070509,0.22254162309201866,0.47089380615242266,-0.118850915478197,0.4299238266316429,-0.06763667330260802,1.08240168859581,-0.8506039481795112,-1.1530282115466253,1.054871684671404,-1.817787712502893,0.7595760279905794,-1.0905164127124742,0.9631290762881085,-2.087224365946565,-1.5825925340716958,-1.3029759830897234,0.311484583115128,-0.8746090177971944,-0.29215848060946115,1.1286816089043976,-1.277174508660924,-0.24389162796540434,-1.0731032047441684,-1.4623041488476243,1.2183936204718349,0.3950172945274372,0.013525998034137772,1.3725094762529302,-0.4072037474999983,-0.44368764593782756,-0.3324844141514397,-85.25574548340965
-0.8391017978048201,0.862705662664198,1.2446360587716092,-0.5938025034507243,0.5624866228263223,0.06413922742527092,-0.8211796462629032,-0.2703694430173998,-0.8230466672294223,-1.137731020172165,1.4786091814143636,-0.1666324051218831,0.17649948425013112,1.4527947008718767,0.2673105154792766,0.17445556581676963,-0.6732982871079606,-0.32043445025615624,-0.6960661435045274,0.22687609112750393,-0.4161696397134704,-0.2687590238140636,-0.5540547826926102,-1.2131871757840313,-0.8113427700790975,0.47879412804044275,1.2152064835904464,-0.9944037950992697,-1.1722824657124205,0.675237656669173,-0.03381173097666202,-1.485565779438458,0.002311875226927058,0.5084019819530579,-0.4688358356799382,0.5165479605219668,1.06339460568158,-1.4443246108068435,1.5446472561772402,0.2632738290688276,1.0246566166377211,-0.6753812856815423,-0.48658663766614146,1.0530698798727587,0.6461009087605903,-0.007732291426940507,-0.3382016196673142,1.611531254722309,1.2929217072136687,1.4238074781312844,2.2937537035849616,-0.09026095689008523,-0.9746420024940272,0.28882435139792056,-1.3385349420900878,-0.9081055060956817,-0.7457645186502893,2.2352774923065706,1.6815129029893188,0.24589172369822235,-1.1534586699289608,2.3341237836381765,-0.08259927502302114,0.1523715344966075,-0.5529943305218395,1.9698179623791432,0.7629196450087722,-0.02689867296169576,-1.0550778701034726,0.5695015952863115,-0.366835853680673,-1.3143086018100847,0.8895413022409984,1.440182055530756,-0.15071349769330428,-0.4256028153425757,1.0894514450305075,-0.02224989233774821,1.0875034900340272,-0.10860626493445066,-0.5848449859567011,-0.34931114886289577,0.34887577220044136,-1.3994513473538885,0.1414887747070287,1.1081143019520596,0.15314133053518286,-1.2279805882480748,-0.33456152895133395,-0.5830136099740665,-0.7908932746537418,1.4233053104255402,-0.5601858850403909,-0.5124877604603414,-0.15914566511070422,-0.3940865891457847,0.3341399506729631,1.0935058882841284,-0.9928887016310286,0.7142707652456132,227.88459581417868
-0.5000428801196509,-2.303719110343523,-0.6999002653118045,-0.5773884936748755,0.07987627743740044,1.9030301115632586,1.2576438649340553,-0.07491025240536754,-0.4319847449454205,-0.06280313982848959,-1.0938046645027752,-0.4101809050865021,0.6909794492739305,1.0865099538397966,0.6293363349856386,0.6871382710392374,0.11240038329595642,0.18324365560007466,1.1074940058590719,-0.027902952892560725,1.267038235672959,-1.9709998104573618,0.7671784734716467,0.212919587760187,0.6518964258580641,-0.130710027053438,-0.5589892733866999,0.1747648779097118,-0.6685623738868403,0.9022650756672637,0.11969056994607445,0.5577099686726387,-0.7198761108244052,1.105886961764943,0.038809044398620006,0.13652762801398807,0.5400396408072305,0.924989323783334,-0.3272959434523071,-1.312503368876374,-1.7612399548069444,-1.2087704181680037,-0.9933180054287131,-2.5442374063373654,0.3766429053882681,0.9990034246013614,-0.44375997444823473,0.683644898004001,0.42269647262222426,1.6474988337371839,0.0295425049894767,-0.42421533580908993,-0.5184657003635905,0.6774095868356313,-1.166175516261219,2.624521974645212,-0.501819952476118,1.5510159480374466,-1.3958808042084239,-0.2987553703632037,1.6746254199017625,-0.9350736865001199,0.956006673397158,-1.4153962525283612,0.2658891454773844,0.9837066604484417,1.0116636228300293,0.3016514751859181,-1.7241401552580709,0.5687582321606538,1.3688413171862492,-0.48146808933406066,-0.15846116958560147,-0.16447025154891232,-0.8946746774277975,0.044447517358947995,-0.29806822865934207,2.205137740498299,0.5629726731564413,-1.8495741462697566,1.2256859102475917,0.3460460685272163,-0.42306077080723276,-1.2105806384803541,1.9639240152159667,0.6758409837808285,-1.6574486902766894,0.6122673519703957,1.2407772978635923,-0.9540903433331341,-1.0027626808035053,0.35885692693776816,0.5672001642379894,0.2890090262161322,-1.1147949697165551,-0.7911943543337355,-0.8164327515289486,-0.7638586437035638,-1.3699563752195274,-0.675341972720399,-157.94826110854947
1.419396049641641,0.18128600430450373,0.8431021478890944,1.6705352177871846,0.18222638450980538,1.4431582520096236,1.3623152043472553,0.14293020862799835,-1.5612502591655038,-0.10140411835957316,-0.6216680857742384,-0.8007207151963697,-1.3576203093697126,-0.4669491616818953,-0.8629107618648204,0.9528668377117484,1.709576983877706,0.3101983429650641,-1.0788525558975601,-0.7694583532255428,1.622398555830136,0.8738139511711742,-0.5886741754454291,-0.040925654600850514,0.5623734478371201,0.8008857707167734,-0.39879158001283116,-0.5652871928122264,-1.5021720210718128,-0.38502582633548516,1.696009609955225,1.5079535327996365,-2.9459002672495607,0.7307223847487784,0.09000362295319128,-0.23094126719246902,2.839504739334143,-0.028667633807233972,0.4460315359157327,-0.36897889983751264,0.20654690160235345,-0.38091105145924137,0.4124082063386034,-0.2678724222959283,0.6353120470307769,0.08987165653729413,-0.6631692299610662,0.21457835643691964,-1.1331291700203325,0.4906492547490213,-0.14599684198428323,-0.18167160785236078,-1.1945187087260725,-0.7270856306917061,0.4061158983190225,-1.89912868653407,-1.343739804816183,-0.32164485823664357,-0.6282795349462107,-1.327410733698964,-0.47316423124607637,-1.6531543142798926,-1.2474544380535082,1.2240913773110316,1.1185587982687886,-0.9180747152526607,-2.265406940768988,-1.7138610543055695,-0.33615191730064486,1.2735464091443787,0.5779028828147226,-1.6022882732456534,0.3266525138293,-1.0259330301546339,1.851407908270095,-0.1462487668970063,1.1542093737893517,0.25875896260003456,0.2583987477560043,-0.8980945905142722,-0.48668618885528975,-0.7686275598398647,1.088856510925007,1.2561516053791597,0.9345287422293905,0.40538075690913344,1.0251740599720278,-0.5906822591633487,0.2534644992049916,-0.34065805687540096,0.7942615725387356,-2.054923601038059,2.021130513291755,0.3144646800606519,-0.17647037387612657,0.057459058091720264,-1.8360628015449068,-0.7449021553676392,0.04243121010946354,-0.9535537777071758,-197.9345532665947
1.1314664008710773,-1.2765056285038523,-2.9404737656142275,-0.5254538185171539,-0.26069747494848267,0.443787476497603,-0.312807139057243,0.049262474628054206,0.17824667697560886,-1.3856272668265222,-0.4768131414601227,-0.9777474290400296,-1.1116832625372841,0.44307537969402105,0.4901540513773296,0.5200102357132479,-0.3082302037856458,-0.4616341190185499,0.49662824620220436,0.3947595757596839,0.1474561559675068,0.27052572887240656,0.6330898250671408,1.6224923523756751,0.3539191103310876,-1.014702764675353,-1.6790307014038,-0.24328848174647932,2.541852795193684,-1.1985415397691834,1.4504636727855365,-0.21575760934070418,-0.8464110294829591,-0.1992597222605019,0.9407376123115583,-1.1398384658060776,-0.5468191483144359,-0.4451346559330081,-0.474613518163894,0.2254174378113615,0.5822653917165872,-0.20424738160066144,-1.000009850708358,1.0095701936437587,0.5947613622345942,0.6186691529624287,0.9840624519891142,-0.8184836220246188,-1.6081325358520302,1.1137126293915962,0.7877480127173916,0.17210803408133915,-0.851562389897819,0.8714668890088734,-0.851844527571809,0.5124179572700109,0.3855543042153254,-1.1338497748171525,1.3705949354056082,-0.1327703419148576,-1.40830184427718,0.38138297747023103,-0.562608197710354,0.11900078151637698,-1.3567257007766895,0.629031704528416,-0.39400863195195174,0.9003028031829201,0.790760501060164,-1.415713438193844,0.04320775288061673,-0.13618034011370495,-1.4455700702492047,-0.34851373258383456,1.4728170446163469,0.01988135153248415,-0.34452165353893444,2.401676369789149,-0.005678714022510269,-0.516278580219448,-0.12318271740117379,-0.027815594139134606,-0.6369086322791853,0.9456561410655477,1.393650921334732,-0.8262070992917644,1.6877346609693178,0.12220446937650042,-0.2747164019745751,-0.4200288301338997,-2.260007122079801,1.0205938013914617,-0.6803236506140173,1.6074761591031208,0.036417318169716426,-0.2741648283648403,0.28654348577991245,0.06925185868989082,-1.5162975840030126,0.031839142388895215,175.1084497275352
1.3738884919092949,-0.16803787699782596,1.7141908502566234,-0.2864556734079676,-1.666371193626991,0.08324214349178771,-0.47833761743978037,-0.380168338893797,-0.8071461053203415,1.141491837117205,0.0723182456007865,-0.9430179149677986,2.3476824389960305,0.5934604352290874,0.8439655702288387,-0.6968585270495944,0.9699604141091817,0.8858740241610279,0.5535625836503115,0.4668715959996606,-0.8216398072195206,0.8966735565353542,-0.609464917986013,-1.6818725541619,1.38372790095753,-1.3343194657059627,0.11221471462932427,-1.6570557775516388,-0.5585340826501377,0.9653788707340407,-0.06459125113451565,1.6010442290933145,-0.0489296796065441,-3.308957658465919,0.966399776915598,-0.48013589450140676,-1.3933044823378027,-0.006786675868535245,1.263639840542246,0.6679159500578552,0.5076232618103287,0.3406320560291679,-1.261023175076259,-0.16352158686205157,-0.33600238820865763,-1.8865043544821603,0.3897019144717267,-0.24918189543166036,-1.0592591020936777,-1.4329684289215177,-0.7076867779291104,0.5960322971183009,-0.375618012978006,1.7248166849283557,0.9764003750476984,0.4850251350228006,-0.8028314400361735,-0.45501210016814875,1.7894053514310195,-0.7779656887090707,0.2949247812811418,-0.3166622212387918,0.3723115108679458,-0.09880676888875264,-2.4174378368056377,-1.8878521471766752,-1.203768620332629,-0.10555237510570321,-2.106859018113617,-1.2560851815726057,-0.5704690081956483,0.1362339675745466,0.7529758915816093,-0.96415457674002,0.0025291670924537492,0.08753402333144177,1.1515773747205116,0.06573437286573315,-0.31943726006391643,-1.452081064304227,-0.5055628083925534,-1.6042957310320243,0.12749366560206454,0.6949262358669703,-0.23675304646151146,0.5744148836407117,0.2702939682987323,0.19188682062886758,1.113461039154427,1.1062634899450765,-0.13487072176461815,-0.03491569238139914,1.7443169851978584,-1.3888236636602387,-1.7756405915222744,-1.731445601103898,-0.9632935630065123,-1.036924116306273,0.04861345879374187,-0.20593240200261356,2.521077903575801
-0.5499658550496443,0.8972885193873277,0.5523062263254688,0.9667949474816094,0.6639140460991599,0.3519910606587644,-1.248440631009002,-0.4982734719980838,-0.5122321693619072,0.7404150181986093,0.002561459116379468,0.3192269518696474,0.8728560862061071,-2.396414549616656,0.5798733893049731,2.6316133981206606,-0.9981655580323112,1.204198852286714,-0.29875314628303834,0.26846673646351005,-0.07426193801378943,-0.8808683245063161,-0.44398985038486644,-0.12853098669595048,-0.4004322113669258,0.5825410996530783,0.11402877923037409,-0.15362331083896077,1.4996250097715726,0.5192286609129142,0.2404415613467063,0.17067773970476854,0.0056067721430096305,-1.0835474392529096,0.519090892909181,-0.6950497165978438,0.2758554406413841,-0.5392668377442839,-0.026879074626425144,-0.44413424503935045,1.3714552148522035,-1.0150544549562541,-1.490354372499873,-0.12170086518678332,-0.16483710558409606,-0.6308962233935533,-1.2810864852885593,-0.8981184530609673,-0.796560813765592,-1.9581631180037815,-0.16211339060515087,0.0028774271486270283,-0.18515438695711375,-0.6574718750315277,0.27096635975311323,0.5617712619626622,0.3268102096751659,1.105996499713854,2.3264644656071307,-1.4918138906564902,-2.1651020646569936,0.6672273341506301,2.732151237388645,-1.8387313256313877,-0.9451694429681917,0.38429606775775127,0.816787126098923,1.6976155242537807,-1.5896979500899386,1.5171538906196274,-0.107059378616853,1.7255611572449723,-0.8571164375005782,-0.5073363669554709,0.014981888512833117,-0.9038796535624865,0.30189204426989025,0.857716762289055,0.013705632211165138,-0.22292040868175875,-0.9392867644472044,-0.20181960123096448,0.41152715913564764,0.275275635690346,-0.4107883432786002,0.3663005441937488,0.0781401733067799,-1.4073399129918838,0.2706052301365981,1.7313811407031985,1.8526640816892028,-1.7358022052822513,-2.7016359968715227,-1.3190695132369952,1.8914992163097832,0.13711994817359505,-1.297362131052886,0.5329050927625382,0.39732968904955396,-0.41570367065443176,-52.01731525482405
-0.3686725007025168,0.3128372760285454,1.3319649188109823,-0.27819296042581154,-0.24727434828650635,-1.3284026720187267,-0.35763830369789545,0.5860278894753133,1.4141927521403899,-0.22311180651317145,-1.2320595812905055,0.921838187945901,-1.4581614704270558,1.2135428825682752,2.3784836710677713,1.372421480412641,0.402606408959519,0.6144653049230565,-1.1464099415817104,2.0797812284124353,-0.022933753697488988,-0.14817936505154758,1.3282030757964034,0.6139216601266396,0.6952000806001291,-0.7377705250196714,-1.9043816248749281,-1.8340277562841805,-0.12920996514602268,-0.8554109895629907,1.5732125365542347,0.6677487277724197,-0.7628975105615017,1.752705617401723,0.16819880910411597,1.3335661545463091,-0.7307586302027589,-0.5555521115835556,0.0892065273968219,-0.74885757019218,-0.6310380605336672,-0.7605838278103279,-0.7126249764220802,0.5284405077244796,-1.7503452399666812,0.4448779594835978,-0.7471401022701413,2.4133804603876023,0.11432766948715925,-1.2628454589568467,0.7428753120127981,0.7670388765909142,-1.5843171898086514,0.5470303156802652,-0.928561270600875,-1.189113540113907,0.6670647382206019,-0.1577906998174002,-0.5670337125078745,-0.021801677972170745,-1.1603791141602748,0.538891550406568,1.7512060697211997,-0.039305608110535024,1.527054753772057,1.221332368785442,-0.6082827152033508,-0.8847724547774242,-0.9423124156852958,-0.5444619643552483,-0.35689985823723924,0.07432715280456072,0.5081321989825422,-0.619048995287709,-0.9030751532135248,0.36463730989156906,0.29659227857599285,1.7006444465924355,-1.1989364584058138,2.0869042367836967,0.8823555153529086,0.6754509841410098,-0.38251121928783893,0.25859756027416886,-0.4969415029800504,-0.22177096865760434,-0.7126004305967842,1.3885841893735416,1.0029210238305704,-0.6767726314836724,1.1536822483314364,-1.4201929780862887,0.6359573785138819,-0.19208219468280055,-1.180698622528127,0.30875746089571615,0.2211758378355332,0.7089906641453418,-0.07325113747203989,0.3525795416258159,81.721864939357
-0.42736579877169184,0.5807759697718563,-1.1878636136222878,-0.6440438162449379,-1.743352649636352,1.2144693793381576,-0.9969511654608517,-0.2867471751181272,1.5713074836358503,1.6698479276435716,0.22123348380433083,-0.8535260804867921,-0.8272430267654427,0.011640662050365121,-0.48144749604182296,-1.3251509707952682,1.2038995404748507,-0.8252107250490928,-0.4814994305226113,0.7070520936606525,-0.15469341192214234,-0.3182188781997399,0.6326465347339689,-0.11260977738730528,0.47161518393044366,-0.3988704990733958,0.5730323014623346,-0.007657466016012251,1.203411987030799,0.7589278723498769,1.179843308833808,-0.097717815443919,1.6884075371096752,-1.110551409590038,-1.1116458894362375,-0.6337274779869988,0.5895182343115607,0.7633297564672342,0.5463348203792924,0.49807962321386745,-0.6913469004718203,-0.18046006944512805,-0.036662043538118805,0.4421268591412177,-0.1712319789816269,0.26367770688782877,0.5260369541681053,-1.3150435523035995,-0.966379761217282,0.6802160267047614,-0.3845424921898513,0.3610999686677033,-0.5128592629414258,-1.2814303132639484,0.23549561932909457,1.2815841386665934,-1.3307357505809987,0.5100877218622756,-0.8420993142012086,0.6844945695154164,0.9935878214120596,0.9128104582908778,0.2093751440065593,-0.40375260219398906,-0.0113881966248369,0.8329017664907968,0.9923710916881144,0.38125128857935087,-0.31139006392766183,0.8986064829710977,-0.1417087180561638,-0.5039127123226116,0.08001548539638634,0.12454621475207821,-0.7145499845238091,1.410203878675347,0.8467375136087743,-1.1599981869966358,1.6350805281636778,-1.2468422651251185,-0.5047611332231488,-0.0859399216950696,0.9084470906511093,-0.3746093686187696,0.8527412008152919,-0.813813222762373,-0.41768231482137175,-1.0251942029295322,-0.9918857525193767,1.1260504492336416,1.6166508542153988,-0.42737791810475856,-0.2703257986689034,0.8419892234728834,-0.08128306525092838,0.145022262359427,1.5275413675425058,-0.13241223428259422,-1.9258492948836257,0.5068570451305301,-0.20688668892628215
-0.2520027259201898,-0.6943397636549695,-0.12225006703361968,0.45250864471016106,-0.4797304925917407,0.7634760578722009,-0.18223183243071922,0.16343408557483505,1.1667979011605358,-0.013798530896821306,-0.7889866235383046,0.3211174023403563,1.1074497172975875,-0.35708143513340285,-0.16230676811848874,-0.518873691557123,0.8328917894789628,0.37717297796962873,0.7005982921507903,-0.28738787834433255,0.22905836070199836,1.9126479630638344,-0.7109102479565921,-0.8406788794372898,-0.27253918398047267,-0.27994809995160297,0.8171213594265209,-0.014825161101463202,0.05937151090291655,-0.8970815120287857,-0.9241015641687702,-1.2674697092262845,-1.8934907631473619,-0.5979248119301697,1.4048677040765982,-1.1809226289241013,1.4851078348636972,-0.19112474442770805,-0.2706759233348246,-0.6185367513100762,0.8651330674245903,0.64820924591215,-1.3326661181873416,0.9761284241343189,0.48457551069129895,0.3449101637133228,-0.33105452365775345,1.6111307112136586,-0.8267764582101066,0.741227804068889,-1.391088000946475,1.4772353837893322,0.28182251440513456,-0.6535804454978444,-0.04326404380751096,2.1127890032466925,-1.0144583036505102,0.8980490605474964,-0.7005562205373704,-0.7305596164097773,-2.4420620332028666,0.10330095803203249,-1.6127929860391577,-1.5598411302548432,1.6831068271316993,-1.359175776923044,0.6187466895415665,-0.45174970220185334,-1.1441555715810257,-0.9322037696917932,-0.8639996932171677,-1.2894719448372485,-2.276109030987576,-1.2607213124412706,0.2642886385412645,-1.1039215753174427,-0.38591745827911866,0.9431750779416286,0.10708055587865033,2.000676701576049,0.8809387479548707,-1.786411638145128,-0.3803796626678969,1.6661558627737831,1.2047712107799484,-0.2838612276092824,-1.5774984029977182,-0.8893777706899603,-0.42730898833930747,0.18044266123432448,1.5542133749636158,0.5272064529436482,1.2922649963063806,2.9508824546939985,-0.805534198742073,0.1155878794321869,0.3372473249838644,-0.5021183057445243,-0.22777928269870232,-0.5418408347164866,-59.045212769953565
-0.8093890760435173,-0.497163057117019,-1.033654210489302,0.21914544490192828,-0.9701134272294714,0.14379708630474924,-1.0463489642275348,-1.961765575747461,0.862726801794467,1.113558559381888,-0.19266605694611535,-2.023048778020545,2.3526317516257436,0.1576756678582402,0.7377102132696751,0.8028763743636602,-2.237707107315713,-0.2768542969323143,0.3936314808520189,-0.32406104392519997,0.27777490668526383,-0.7945441866653004,-0.6375294214271005,-0.8417211230288894,1.1908224411614001,-1.393446107414877,-0.9685491699374271,0.6591385687757308,-0.5666265169479645,-0.978270055977173,1.2798005425271788,0.1377071274037067,0.2579306456835439,-1.2311369952059739,-0.7928549476416534,0.1936424745921888,-0.27219218207200035,0.8960182520788598,2.005091177426583,1.4452749950582868,-0.029467333057851885,0.09617570439987493,-1.8943422220144295,0.48131150594637345,1.058195698689245,1.1058591541374896,-0.15150509343340926,0.45564495318459197,0.0862237478833268,-0.026551697061955794,0.9264636150039252,-1.7202289903241146,-0.06474216722614023,0.8821015393723759,-0.10071517221362448,0.5860120507808408,-0.3961589840663669,-0.00029987189701743326,1.6714685620147969,-0.8460368230087592,0.13629588750896432,-0.816732594660265,-0.2564767776388304,0.39617145626218025,-0.7718564997331653,0.1265282116879645,0.4824728485544963,-0.10156862723976436,-0.6131632416758197,1.2727063150136801,-0.7196761204424796,-0.47041435632582024,0.02357414730947704,-0.7879676913400875,-0.3077482074044722,0.7608228283697231,-1.050108937971323,-0.2915421324097582,-0.5518167121193028,0.44187770088374906,-1.0239094167159555,1.3836537299591494,-0.7217968120323406,0.47250468412396684,-0.0011344830055750146,0.08148452760619268,0.4646221591503749,0.037848258253960536,0.15117593378522184,-0.26285053318667795,0.16755808896185803,-1.1403491893618687,-0.7670606426533823,0.20228351157046878,-0.5601563731940308,-0.8489471673676849,1.274337901476427,0.6347043386539047,-0.7849014031530094,0.9498032541439645,-275.87870409663975
1.0152211502757875,0.667065868650465,-0.6836351093060397,-0.3462702755151835,0.10196172208789842,0.4277186910102239,0.4567456298085563,-1.0218750599832616,0.14564671219447295,0.8559521266280142,-2.4293074692816927,0.06519665469794947,-0.9446539349717816,-0.3554758894725565,1.3777530623833736,0.3313054301370477,0.8591520037799263,-1.6328670708758255,0.7246848361804443,-1.4836331907927816,-1.292491463937871,0.01922080505463933,1.6668997140583535,1.650301990360394,-1.2244411427130761,-0.2277417986477465,0.2063451737506255,-0.3115156224402112,-0.2790699035870997,-0.40840841841501313,-0.583952663374441,-2.314024117936016,-1.3293515664779298,-0.5501270525989745,-0.2631941428637721,-1.9505555643183703,-1.4951208262573235,0.4987169924952757,0.1510346031932329,-0.5646414146880727,0.8825346804541939,-0.43420690357188185,-0.16514783855968784,1.6460865681332313,-0.0900011193690679,-0.42929529691356183,-0.9170615882432751,-0.03250669476704046,-1.206380639419028,0.3791296811565627,0.19178099472320506,1.2405582771683126,-1.250904249177814,-1.7167774703738294,-0.6545445197801449,-1.2245531355190498,-0.3716923098872745,-1.5517060201127622,-0.8293498566588231,0.8415680780867053,0.17081487867395972,0.8106287962177602,0.7636043967857189,-0.8410666138221301,-0.1474891160589541,-0.6321442475634236,-0.533012181542464,-0.9369460603879088,-0.20167607501726767,-0.23933271216556576,1.0906994293110865,-1.8002301084051362,1.506756729464933,1.2437848279798172,-0.4232930305995122,1.6117454210095488,0.45597802141489224,-1.1089185811528086,-0.5559201901915506,-0.13223494267198582,0.36794062048063997,-1.0793156689504153,1.1115614524069766,1.2085767391344096,-1.1341815130415387,-1.242919947380352,-0.4288278206699878,-0.6205548328013191,-1.3455599519980208,-0.35134206830838904,-0.36592511488484214,0.158279396173373,-1.4086900683041126,-1.6292602148752764,0.05542316672097029,-0.32417731918679865,0.1011237377993932,0.9891468495132739,1.6733596299897768,0.060626124610892444,-147.8549136806742
-0.2559997634565818,-0.03782705881446796,1.5256620164411234,0.05941961222867694,0.2283802825152081,-0.7170254638198875,-0.43746152229234975,1.080659201423504,-0.6271328918969455,-2.4209776122902453,1.941654487263387,-0.7881423361102401,-1.1706917814119844,0.1421939674671338,0.3385226186418423,-1.0801755668489617,1.5058426791241724,0.2542600997018242,0.2195501756948884,0.024786149443356043,1.4558499330572274,-0.39358996794678774,0.8486534438601611,-0.45086352012074626,-1.8511682168466954,-0.22267257157582498,0.1364823852584596,-0.9040351514153344,0.3892954523839255,-0.3193220648779692,-1.1073259388119252,-0.05433469628154323,0.11334090681721944,-1.9635572371705092,1.3091301199535803,0.2353687496794754,-0.02686282866250803,-0.011689770582022831,0.12199131660331573,0.09251607781819879,0.8185107552546195,0.43697220959340444,0.9012756290187784,0.016494231080242124,1.3752732764533997,-0.06121411648609671,0.25995022664058387,-0.4097988283791712,-0.431873242306491,-0.45949008385811424,0.08849480648566267,-0.261955498999875,-0.33773552491667025,0.9719615213794235,-1.390011047429719,-1.2079538693768543,1.9167120723457423,-1.3741837358869766,0.38096972389524836,-1.0046499918074436,1.5625281516763916,1.1685704006378226,-0.936040423905938,0.7746428385260795,0.569910140308772,0.07155747668378397,0.2674706858919863,-0.7397141198982902,-0.30349635992645996,-0.13864748648531763,0.3628345435498058,0.43480929196412177,0.5207959712501243,0.4447266757780481,-0.45540540555318826,-0.17669088372041383,0.3929131920622302,0.029472757888342496,-0.4200073874407417,-0.2564657936624779,-0.49185892759226396,-0.5747183215517252,-1.4053127957023028,-0.8590260477458901,0.9721939127339152,-0.06699010839867535,-0.581534541627219,-0.6417174314169957,1.6621194750174033,-1.048037693750909,0.19463819901157187,0.8851858661600372,0.5920544734098098,-2.550534698068758,-0.2547143735128301,1.0787723453130083,-0.7851604876905837,-2.3071647607836603,0.1196964746424912,-0.16312328350167107,216.4303371992298
-0.4161527834253971,0.0008839566619730699,2.1906169629535728,0.013626931596267851,0.6273246158016923,1.6731451917695284,-2.7458370531918828,0.768287828352439,1.7144323428135053,0.5854096505619383,0.7717108206588471,-1.54278110753376,-0.08344248060242945,-1.0277839555145627,1.1169688722566415,1.2285228161433426,-0.908117194040279,0.10064360798350487,-1.873537805742239,-0.234013022071264,0.9688393565726185,-1.527524952318298,0.570017242773029,-1.1625274680789666,0.3032548061239806,-0.04278594806881954,-1.7130774362054277,-0.5590839324025046,-0.7057986824514857,0.1337955398295541,0.5086293789337687,-1.3380073826674568,-0.3872537820904305,-0.7143536524035506,0.41209254806202417,1.0086639723493922,-0.688294716923103,0.629154604929184,-1.4088169520032092,0.1794266812509134,0.09299788877468368,-1.1654736838551911,-0.9407214599539685,-1.9074509287664982,1.1949823604652619,-1.552594711510741,-0.05243071458805683,-0.5080852496391098,0.6800400258754749,0.9038801557230892,0.2893454817604714,-0.51893196376196,1.598369529181501,-0.7527243669123703,-0.5045759371031128,1.5131581772115121,0.7898323190022549,-1.9156469476999012,0.39133015273703803,0.45576090173577405,-1.7900109336177832,-0.5235826654348658,-1.5518899197044036,0.24585617099351476,0.06339794974667202,0.4680743639087904,-0.4236171403488769,-0.328745476864504,-0.20539782199599382,-0.34694057870791895,0.2578775824075781,-0.5786160593415429,1.4558433626277343,0.7173886978805074,1.9557100937613163,1.2638501629320316,-0.5767099193302898,0.071674766363179,0.6900298514992194,-1.334440195219709,0.21472146639244022,0.8231388348343301,0.43147821114708723,-1.6831878032398233,-0.7192121006132726,-0.5180617824969919,-0.3737371173131183,0.31596786125182275,1.5345484189380414,0.9022710078755377,0.0939271282705843,-0.2859777949867583,1.061957074506571,-1.0015018511934253,-0.6809529813577277,0.3033528374895072,0.8319653959832043,0.16974166109395966,0.759406193741705,-0.3151313281752451,-89.34602081183272
-0.5254595573350797,-0.9096431128162237,-0.04933761516186208,-0.24009941122437498,1.3185987263716215,0.7924688081724047,-0.005456335917534012,-0.5003689487467063,-0.1467563097434015,-1.3633462129622402,-2.6120089913204523,0.6794535273630307,0.001234726986229689,-0.5162330422563404,-0.24668946993672392,-1.2936898429589103,0.5859255786048763,0.7721708985702579,-0.42396712764606415,0.49812835493378427,0.7497480164240403,-0.5392194167064802,-0.41590562563545885,-0.2795796766819328,-1.0271198694364922,0.5523047376369008,-0.11106043277210052,1.8461077136040045,0.16861537338658752,0.20540628504343936,0.13409981075738064,-0.32343424269620424,-0.5877374204809251,0.37761507310675746,2.0935103802983286,-0.2597554981090691,-0.24270867965780485,-0.8738629833525793,-1.3574682093433617,-0.33896401067002374,-0.5830479366134577,0.33304508632749874,0.03542296858836434,0.4966180219206068,1.8521323755775128,0.15209736946692343,-1.1537233501666506,-1.7480306385381414,-0.6637366919865183,-0.2960512807619663,0.49566672919787486,-0.6024839471118475,-1.0707634976545704,-0.20693645873049182,0.28983664286477184,0.9933605841577607,-1.0355447887841287,0.46346830967047387,0.2885662127419798,-0.7363745824894585,0.07436537783084575,-0.6555713567442022,0.414483734233698,-1.5402101238850594,-1.2338644100184901,-0.7705489450482524,-0.11912350552762836,-1.0259448523945203,-0.5003064309334381,-0.11868772683583453,-0.05847421227973282,0.028560001976784606,-0.10357262139841705,-0.3554987081668844,0.20071491713891743,0.3361058353355177,-0.13361368877841873,1.3523426564553518,-0.4837048726316301,0.4890078159217647,1.91186402271671,0.04050303737279086,1.551593846186576,-1.5631590197086238,0.32443499744411397,1.1324932283577227,-0.9480063170398572,-1.0139594997482833,0.11124527160317974,1.091148208967912,0.1790511999726933,-0.3780465767727194,1.5607710436109923,1.5921578809554642,1.8479999359247308,1.677360351110684,-1.132306541758906,0.1123731842677087,-0.24138198422977258,0.08765037614874635,-71.85601788357644
-0.20890512975654263,0.09745433461821068,0.4462340435569448,0.04430230147304342,1.1378181551433435,1.6272758278305945,-0.1210911696384273,0.06812869776144878,-0.19093372522537375,0.47415079786460795,-0.9209506593781372,0.7058639200150382,0.007933185486141964,0.6397641669225388,-0.3629376161364851,0.4835155466425641,-1.4233349191073676,-2.701770947124023,-0.9121781177453326,0.9705344123337815,-1.4670594219403772,-1.2624720649550596,-2.5119843207890673,-0.29505016768070697,-0.27273563844153503,-0.09997952956602302,0.42828774436284406,-1.4981325956997162,0.49708909061275547,-0.5522138182607502,1.2245659760421268,0.07168503046007527,-2.346311200521261,-0.7736676447442452,0.9665897606557078,-0.8191457113455833,0.18545756760331983,1.8392197618835626,-1.0117619462011167,1.3506145962799536,0.44556540602479444,1.6438134912087192,-0.1318289442230075,-0.6078431630248227,0.15332064327262407,-2.4173142082864763,2.8472091180779278,-0.9504493708811282,0.9562796170106501,1.3798041429691559,-0.5076847659065795,0.43593808164127684,0.16601465422836417,-0.3726465960487083,0.7806172602184132,-0.9243403557888877,-0.5692190126272063,-0.8210815777817454,1.2466320402499984,-0.4906423016806528,0.09141493089050202,-1.2146555590273684,0.6587680359711163,-0.21250642287566662,0.9665175003106269,1.0811379884881123,0.3036667619314322,0.17333962756513507,-0.24243035829798854,-0.016005510795663234,0.8730795200197481,-0.33718366452819326,0.2492891208863797,1.082166875934055,0.10935268859814862,-0.018092925986094358,-1.855818650750226,-0.2997980731035522,1.2295689781404562,0.4295555666167212,-0.949205069102134,1.1100565562278142,1.5939519992164661,-1.1447168848734361,2.6072433395126597,-1.6825910695115411,0.16606805147873735,1.0248626604493076,-0.4993322248726595,-0.822133486015968,0.44455968430042136,0.8515293643688233,1.2390351719177444,-0.3454202366512872,-0.20611456636808087,0.4651426208732433,-1.5717417160364398,1.4530185280909047,-0.0027376023352347683,-0.9518122481198608,-89.95701403029977
0.8218938543303569,-1.209304922594396,-0.8637135999470825,1.0458658963379917,-0.1367555016184611,0.090486351236191,1.0992540939802735,0.2819963165471868,0.2641581125876124,0.06597867997149814,-1.0001813330977751,0.5920940443672446,-0.07525982711078967,-1.9869825663375493,0.3950274361134292,-0.45729658770084913,1.320196292149152,1.9958667363058162,-0.8755545302229439,0.6975551683284721,0.3712052642511604,-0.7499775281970196,-1.1421732429214568,0.44107439414448757,-0.2391330524277119,-0.750324942111316,0.02390660372214458,-0.41706157633106994,2.357011351630611,-0.5729923050878853,0.7797307241060389,1.6824964051841982,0.07755052103712202,0.9824143404486082,0.4998904692286533,-0.7651968722547319,0.024599160941781408,-0.10964593077174796,1.1327991955115326,-0.06193313560277735,0.23038080244340212,0.10002972441225916,-0.8837352310073545,0.6917056984951143,0.809677998241411,0.06683251919908709,-1.1481392907570689,0.8671968522817893,0.213394148149792,1.9347969926980326,-0.9319459020217744,0.5543496563183584,0.9751320057930366,1.8487558172907472,-0.31032910358464383,-0.5939297931244167,2.0206954222563986,-1.2513974061035231,-0.18665108137368838,0.6053139027537743,0.6961878880056152,1.7210021417364898,-0.34816823605311903,-0.10614680139383638,-1.1688831421789114,-0.9676834655990035,-0.15317665015091467,-0.3840235868588673,0.6391650774504812,-0.12253910496706877,-1.987634094917241,0.2991213990225879,0.3752828210171512,-0.28753257771227125,3.070383316314066,1.8370222371982066,0.2840973051008431,-1.3455243639376508,1.6724334509612973,1.8362919944251253,0.2121784909718474,-0.03768792797413856,0.13969221560648815,1.6493224430159603,-1.7709037761136057,-0.22094501053026447,1.3958521263315802,0.4649505923099228,-0.5476092738412032,-0.658511290285216,0.24119559787555517,0.06791256688108753,-0.8425150947353163,-1.513504796670496,-0.1500471507044915,0.11964550794229706,-1.095123076132646,-1.1233787019738197,1.6464861954590915,-0.3629137570289442,319.3190768928066
-0.7056607693973483,0.586965742430091,1.1819617779997766,-0.5612239888705765,-0.29085006809392505,-1.0992072076088841,-1.2710130566046833,-1.6775160843507377,1.3907703218754484,1.45992073954375,-0.11721459689391728,1.1139866379816905,0.7189887385574892,1.2423390503210685,-1.759363116738976,2.0118882706340573,-0.5665877679940359,-2.0927112209813905,-0.367944121333555,0.42518853221101377,0.5807611617644489,0.6788275975024761,2.4911784393501075,-0.12346338145119233,0.1221269402612751,-0.7451738999498898,0.14634769420099547,0.10854533146533098,1.227836958433344,0.005812147833948637,1.111691906218487,0.2113317258592511,0.21192587720176292,-1.1515223397877048,-0.3121176621141865,-1.1656019054938043,-0.5276766863376736,1.4984602975065604,0.25650561217886,-0.5870330543815903,1.6067749478432356,0.40297500380982815,0.3910602741293689,0.38263004143737767,0.9169341833839885,1.1571110267478142,0.9939030931928681,-0.15884902979697388,-0.6538936713746523,-1.9564054273912475,0.19731184537925842,-1.9921449795349375,1.405740349198006,-0.3672004665923099,1.392751894095703,0.29084768188303545,0.4501668251669434,-0.9244662231052606,-0.4349523183334205,0.9556275522346067,-0.6173172578621093,1.1990651120851685,1.8981669428650336,0.24875493822338696,0.9925441672642987,-0.973120269482288,-0.06377700774582533,1.3166024757905828,-0.3823619232454086,-1.4956986318455634,1.289237422980077,-0.3284276465346499,1.571330334977655,-0.9064201478512376,-0.13844640097700886,-2.517664680087488,0.5471653130894442,-2.5978428192636267,1.3485732446911396,2.093378101214397,-0.7271541009428859,1.4951632914394402,0.24430007651232577,1.2124073267613027,1.8787804648842166,0.3895366419895633,-1.5021575685771957,0.34673347523841647,-0.09866552993088663,0.4432786302744296,1.8265649837422553,2.3672792033289505,0.10108111646879056,0.08450088464805593,-0.34128097098797294,0.18209098777263585,0.6245627288841041,-2.1531221075328006,1.4918212864259497,1.580987553090581,-14.039017385836686
0.522879426334392,0.014808296441629537,-0.9961475372541185,-0.1805436571264899,-1.8496197881534553,1.31517164930656,0.8801283315139562,-1.1274202490621281,0.32470420428019675,0.6928443750872598,2.1066097688968286,-0.11595315708959943,0.1939227878415986,-0.30852569542554914,-3.385167801275627,0.959971640428419,0.7297840123991969,0.3153984313564856,1.307881442881402,-0.9941006101888942,-0.23505063327461923,0.9273426952963506,-0.3974127570315836,0.8273753525021171,-0.4812553275873948,-0.1042299588674657,-1.743822265996573,1.5724738414282808,-0.11640742939066688,0.20205253713823396,-0.7453343071095889,-0.5826604017976859,-0.08876830149891243,0.7021704947985296,-0.02343986854705665,-1.060680208700424,0.2654214072447735,0.19518173759176566,-1.0757746708605758,0.5753471226226763,-0.8673630874709811,-1.4649568660742434,0.2523525901078124,1.1905257805727212,2.3533557415226407,0.24041578673812258,-0.3406505524703259,0.6856034246284506,-0.28882693554893885,0.31885408988606745,1.997358328365033,1.813557034894501,-0.6783720985202515,-0.17798231382220708,-0.14420613748011782,2.0154170730497816,0.06640700484123621,0.2671099197719117,0.13992728701032262,0.9940398235434269,-0.4568929941260563,-0.22178321914095173,0.28661380248843893,-0.6027958060675862,-1.1471480184684153,-0.25375794817657527,1.0230680523211395,2.0916482131101266,0.4554058927957954,-0.1374836162165764,-0.10088536534250198,1.0172698497691617,-0.32657150495250603,1.0015086273767617,0.37323952062493776,1.2567064259814802,0.571915389314091,0.8650929244353295,-0.7983318752443026,-0.15459473890156888,0.306054597237888,-0.7078364343430084,0.09197741258690115,-0.4758732993727329,1.7468085964777271,-0.23131483332532835,-0.4819608328319481,-0.5689008823586231,0.18239988498934182,0.2738673568203763,-1.3274648748191755,0.5198685490395841,2.1118834211943125,-0.0470590818655397,0.048953738191173414,-0.4193156163339106,0.008198559134840622,-0.14454591585208396,1.1853755390650351,0.09178522452365255,156.10468248432355
1.287952361050049,0.14676886872011957,-1.3894979159235663,0.9804690454192709,-0.6074769937337254,0.430197859540555,-0.836979686097773,1.5883763395156976,1.3972736381944364,-0.7497676104606508,-1.9941548265321936,-2.7872330729864037,-0.24804229279707146,-0.24086161660686856,1.0329589984651983,-0.9933782921741388,2.0676142939086857,-0.5883491214833564,-0.1315895095785522,-0.46798366638145034,0.7782887477564443,1.7614201552234654,1.8720848354046808,-1.033309323290635,-1.1095954886377213,-0.26382845259557625,1.0856745833694337,-3.5986732049180636,-0.5168545117898097,-0.2985644047194864,0.8911740072866087,0.6844894113316881,-2.689100697268994,0.24189790490983956,-0.764206774964119,1.160130650412666,-1.1675228492501157,0.6659107694151088,1.1136239520356126,-1.0657719758171222,-0.5367945880666614,-1.3248136543886007,-2.2392319925679325,0.7721746806448884,1.2978080282239701,1.0560009114115856,-0.6726245485942844,-0.32661839161217143,0.6126592078380273,0.669205860440506,0.169729681324948,-1.3457130945403746,-1.2822799128547935,0.7972387767100272,-0.39640620130221493,1.9537263797525417,-0.6437387327369803,-0.4385419361653842,0.2750145307011665,2.140393824026251,-0.4998608543204675,0.694020253337796,-0.45190007441301866,0.7419916267562422,-1.4113204154666326,0.8003978869587214,-0.91569995887494,0.8484949542035289,1.378241769941726,1.6778861379328884,-1.252254522866275,1.2264135618233885,0.07971831491829978,1.1885475152780582,1.2196303355261762,0.5721016961187367,-1.5970495749868359,0.8194131538369585,0.10449975818949717,-0.2876491569249164,1.3119368345728837,-0.22303897776998638,1.642876086625421,-0.23652454722714816,-0.8426017847933335,0.7901341597029572,-0.7857114114315964,0.09868850614506745,0.27065727051249006,0.7332820866231614,-0.8782141972971578,-0.3021671379362864,-1.2443420146015338,-1.9783751557292522,-0.1600729989560195,-0.626507204640687,0.9364343336911273,-0.07876069000113606,0.9171052785121175,1.1527082952227434,-102.00932492247992
-1.3844078425557285,-0.29557852589632516,-0.8865891758900012,1.951923104005521,0.6575554142416401,-1.344920859924649,2.234430277020246,1.3837855512038486,-2.4733921840411406,1.5666123799094012,-0.4946956597936828,-0.6420405044775248,0.47862818473535945,0.3495451298749218,-0.2597914586853613,-0.656991863205717,0.27372315045059975,-0.3030967890342069,0.769930351884608,1.301027553576837,-1.0136174228191526,0.7832129665578011,-2.407681685768582,-0.7632101442304102,1.7008139570926801,-2.0417372877112174,0.20044122889286994,0.5532542526838468,0.6096510016437917,0.21337389192515543,-1.949386307803291,1.341896056500122,-0.7060497305622269,0.20299350717687814,1.4119393316804127,-0.8889297810685827,-0.05770311273156423,0.0010564382228038262,0.3677233678553367,-0.7317805905227437,-1.1758358363198051,-1.0777453606482685,0.7257267268263067,0.056030027980349346,0.0807481481365771,-0.566253327376157,-1.3632587860255092,-0.10486215720016763,-1.2000370188769576,-0.0714683677306669,-0.3709954760520437,-0.1845406518881937,1.1624238222921108,1.6131483544188423,0.7461050028332505,0.4895211650416667,-0.3211759098906616,-1.8895734683923617,2.5111252168674967,-1.8696183725112328,0.39614639002496804,1.0302209310291524,0.8103883500787646,-0.9900433273135102,-0.9424447752575562,0.7989739881850018,1.6141339831010522,-2.0281629533357375,0.08002007538725366,0.3939365911849696,-1.0769541667334304,1.8673822745072697,-1.2199882862183757,-0.6760058620214594,-1.599904995782478,0.28721912762915064,1.3709021694900767,0.21406260275430644,0.2876471938800193,0.024718854550870206,1.1198273946003305,-1.3513512040870863,1.2194540143330777,-1.6156237495454455,0.49546727253231754,-1.4742114503871835,-1.8913918907573772,1.7247995441248225,1.0528651092159178,-1.4862089121205622,-0.8121277259702304,0.654250783189572,0.0022890310955787745,0.5459577122642478,1.2770089281355699,-0.5048473234149523,-1.2740610620288062,-0.18030408103787315,-0.9755145060519262,1.0546050291414857,171.19029929373664
0.801801109714354,0.827911230115303,0.0728269769879246,1.5639209871108022,1.2188489936755986,1.5069123731512053,-1.7765660861346133,0.05356052081539175,0.8404825217377242,-0.05994210374564654,1.0019448910776207,-0.16667226203361227,1.8222740537534479,0.5208032566334224,-1.1916961519613423,1.2375324532524588,0.2722745145127612,0.13299960701525143,0.47277863911771395,-1.4645154067468775,-0.7896123536760696,1.1628551905126396,-0.1054474328660415,0.2190642879920848,1.0774099717913035,-0.38956691072716937,-1.4700244343925122,0.0987472951460358,-1.7016429455130886,-0.7726167848454905,0.2355466653194464,0.20480701236442828,-0.959465159969879,0.3271169500849179,-0.4832459135308488,-0.901755295872753,-1.2790594736717646,-1.8567757984925921,-0.6219288301141681,-0.44404764777744005,-1.113964843740113,1.7070355509237545,0.12420743988189711,0.5391470255023574,0.7927555852904925,0.9167406657340352,0.5186849761591744,0.3913000272406946,-1.2885275106403875,-0.7173299814761445,-1.2597022067754553,-0.16899373060386338,-0.10176044661988053,-1.2617870555596549,-0.03937185884351867,-0.15046858683294556,-2.1964933059306473,0.21327433991199587,0.6545323311969897,0.05990963581731,-0.5930168440066037,-0.6747309601884734,-0.3295693957303356,-0.20344925338158715,1.0028963966893534,1.4301875274515563,-1.0586358109162295,0.41451386014038366,0.5810277737483766,-2.06069702019431,-1.767489973512976,-1.4959617416254938,-1.064641334727928,0.8739633936536176,-1.270430693866852,-1.323481475418281,1.396727669773474,0.5648318740678939,-0.6751052824780044,0.6555518165058591,0.9244488801984749,1.6648191309572784,-0.19616758079665667,0.15396053071927973,-0.7363739227788387,-0.33048211269905503,0.25800676449489657,0.07388779521362447,0.7246497273963035,0.4140824303255604,0.2754821591950646,-0.44948651407911105,-0.3657405117642261,0.9901330353113316,-0.07185964645351,-1.4244153653621743,1.741390733429393,-1.3502798451681906,-1.0072116903586823,-0.2352995392927493,-139.57224200519246
1.6950206597794943,1.692095327752121,-0.570260066953587,0.7085259075481982,-0.41102839747859354,-0.31098555345777856,-1.3815962490342057,-1.084898679987805,-0.8364918564183892,-1.5015143953380072,-1.527082894492925,1.0760237991370096,1.4730776288749876,-2.309446731528405,0.6240455419481837,-1.9838315398965853,1.3051848586332608,-0.05798057137657167,-0.8518043569659074,1.3076983720602975,1.0589270044340346,0.13273569489566908,-2.086448969948345,0.5744049763705563,-2.331379795978375,1.2549438711865433,-0.1085294152576645,-0.005794154524776601,-2.064195473303126,0.7696944619739743,-0.630141355364159,2.3583561646679514,-1.72889071835527,0.46802101137147417,-0.4764852560924152,-1.139352880878301,2.6911229198122975,1.676738341024998,-0.521127681733513,0.5474995022298152,-0.3163772379314455,0.6917593730389987,0.42115026508714554,-0.6703733199376017,1.3061950809731282,0.31048611366594797,-0.46371836490829077,0.8287110887160415,-0.4247494960592937,-0.3294337319258671,-0.4135786399168748,-1.031124676548319,-0.21758786965865223,-1.5143384605736174,-0.30699214127335706,-1.3289493925559828,-0.27529831759337947,-0.37353283514071567,-1.2347004520799765,-0.5105841710801681,-0.25387817513422095,-2.079409411710383,-0.06655756489736447,-1.2534416447730548,-1.0116316427107588,2.7647641636497027,-1.1842194871818899,1.059653299000212,1.3305030836573617,0.5435928304128416,-1.2361547273378084,-1.286936611586479,0.2686307088119215,2.015296071530777,-0.3867361699888998,0.725804620818735,-1.3901932135095412,-0.08640824709249387,-0.47415553924476855,1.505679782239979,0.18204343399779582,1.7079291932028637,1.1900343743332793,-1.6987526081629263,0.3433104483007432,0.9843481050815716,1.0388416336349766,0.4342216987051208,-0.3161092607299866,-1.454330720391003,-1.7055456880224813,-1.0718624092072653,-1.1167932485089074,-0.13296407742515162,-0.6961262377797733,-0.5799679374574173,-0.5941978144010351,-0.6994169744211776,0.039510762164667645,-0.03148446579974613,-263.15001068249137
-0.6457446123645983,-0.557195719087013,0.6054839178218931,2.1295495168760263,0.10924336745283693,-1.1678150940159555,1.7895310905551902,-0.2174548892904885,-0.07433912853945358,-0.7228689476416899,0.36444430495508695,-1.1706130195200524,0.22488948321642718,-0.19144265084548992,0.35449114160802214,0.9514889975112386,-0.6735162280184518,-0.07190365471778772,-0.5707439073551178,-0.16632462813477472,0.11917744186203438,0.555476417994709,0.5080522149906289,1.3600826880029169,-0.9412294048370552,-0.6071450103703677,1.3561096604429639,0.05105441418576278,-1.4171559041811679,-1.2612907341484394,1.289203407061039,-2.213448602570286,-1.1663139868825771,-0.6416991478489664,-0.8007516460491194,-0.5414227233977233,-1.8411144290566124,0.3058174016246472,1.8769447746894425,-1.2258233362946698,-1.3469309432180805,-0.18684766583211848,1.2104115782021243,0.5721685261626122,0.13696557755055813,0.18774430732909728,-1.4904309624498704,-1.0362182608212542,-0.07932997240935921,0.48539168533155097,-0.061503722209046985,0.36691747138449604,-1.0848246068821912,1.1028563056941085,-0.9044417527463532,-0.665389115677573,-0.20211591046530636,-1.7533815195129867,-0.36351822238777565,-1.992567824671256,-1.0261818863200445,-0.6362335543103308,2.593288589274128,-0.1696730760278665,-0.5958397867769104,-0.98343495132445,-0.8330514690537068,-0.5159930836588652,0.30105429828578306,0.17390977897630636,0.724654891246638,1.216450384653819,0.9540113769516625,0.30599385334146434,-1.0844553849260743,0.08283192515232769,-2.1917283282896465,1.1945078688652866,1.6578431093642292,-0.12865402171581736,-1.9111502550997386,-0.5198165183106757,-0.09595634000274486,-1.772158701467182,-0.33962302716947446,1.0530452240601391,1.118420656791245,1.138230967029623,-0.3417838720745851,-0.9248778555515133,1.6791414414023538,-0.68947657565328,0.9329488679115299,0.6810524792678093,0.1495420949042024,1.025379766054856,0.3159989901611759,-0.262201396747937,0.7528552389989921,-1.0413702187003135,-128.04614254507968
0.2319451448933113,-0.19133818801084418,-2.5255079637634603,0.5743334532398071,1.3538466927389263,1.570924912731809,0.6300749502469318,-1.209716587044495,-0.6139162288947367,-1.752559727719703,0.5731473481067398,0.7007090309713853,-0.26523222292821796,1.3833630159830352,-0.19628960063925707,1.3898652054315268,0.28971338841816935,-0.6322643341768248,-0.7380495779445791,-1.0631988645454407,-0.42514653323514784,-0.986402958239811,-1.3048486834197008,1.3609457559720108,-0.46635107769127226,0.8914847604891949,-2.3256755987940627,0.10204318739541601,0.03341808691932957,-2.055465118098578,2.1187672969403204,0.05276951005993636,-0.8186492544403972,1.5198536285566024,-0.056684463804602875,0.7250397994583845,-0.6528629869202119,-0.10407699781890346,0.31292436294691367,-0.5712349938024028,0.9897855321510357,-0.2463468231188735,-0.4702298618283948,-1.0505229985238067,-0.5348307427831883,0.5037039049661233,1.8897911460629992,0.40973573713036404,0.44411406479511223,0.0892257642918759,2.498241244453599,-0.11117301232926338,-0.3463366923818873,-0.07973155091540814,-0.6139216434539987,-0.4128931010256501,-0.3508288092645986,0.6233468848545314,0.32942292455666755,-0.5723608915162232,1.2052990413419904,-0.03916480518168849,0.5602364733983942,-0.6202179895741001,-1.41370065571736,-1.3705594323815031,-0.03933182549322134,0.7858838018360745,-1.3681321721277362,-0.6006774174691183,-0.21685820767370456,1.7513554272597898,0.4115219060442762,-1.3357540584485554,-0.7412467565209473,-0.17183277856092036,-0.318799870392269,0.48584697326819193,-0.07699944522189896,-0.6354165018473488,0.08840967539819879,-0.6414171087304693,0.31293963245742124,1.7074910958864178,-0.035002632131828665,-1.5215421997667429,2.184754678889626,0.9913400556144181,-0.2509374768880257,0.7000773468829191,1.3701987665282755,-0.5928754178399575,2.444980033436129,-1.1424232052241128,0.6184486039046024,-1.6368593265172229,0.8833403656739162,-0.20740825046870587,1.484114352390185,-0.4906366745512817,94.56480655499695
0.1955910065571045,-0.5366507926974926,0.3410634797093652,1.5307926671889478,0.5782154530073502,1.1109953051704395,2.757246955173618,0.08152358629330715,-0.3179120818129531,1.0551101025633625,0.26104773659587327,-0.4325469345072408,0.8060881939064757,-1.867916160960935,-0.20315571899952437,-1.2973387671808658,1.4425925599366118,-0.11364031887924042,-1.655638503106393,-1.818610512866346,-1.1563606396326316,1.2352755454813396,-0.5728066324949151,-0.6538488952213843,-1.9074970830098026,1.6981745028265034,0.05399631857978917,-0.8743009609401775,1.1378791331617746,0.36799194914217215,0.757777226499514,0.03196918351134037,-0.3953655431804322,-0.2128927929991956,1.1101707208941347,0.37221529666946285,1.0541509955077781,0.7448610332556709,0.5903928111912168,-0.46582025208610367,0.726860533933811,-2.7065615263215874,-0.16450018292477264,0.16182114928864344,2.815783992400086,-1.2412574451126401,-0.648921939599087,-0.41552661274348696,-0.4243563427775766,-0.4343816403270455,-2.2263938674218124,0.2637665229124439,-0.4392864268858859,0.32889980339440666,1.6902584449798783,0.11365584852524142,1.6826338397153087,0.12486855125223763,0.7260159561134308,1.9682901325981335,1.3458424950564987,-2.122159893808676,-0.1575172822314371,1.2903453660738082,-0.3435913266409165,0.011205380845788501,-0.3208157641322785,0.8407051602630138,-1.274221081147507,0.0038958054212466474,1.169668938137161,-0.27669430950412544,-1.6127770159731636,1.2418891149413946,-0.16777887222398122,-0.1080251996087359,-0.26631052698585356,-0.9257680804358502,-1.338310324040368,-0.6793009318247418,-1.194529708363437,0.1487464159819051,-1.3678108921055971,-0.3661502101228243,-0.6271904775218227,0.21824904596805852,0.5017473323202655,-2.4449269932273308,-0.4377562882517782,1.7309051479671969,0.11646751339626338,1.7634644591732493,0.2310516187447273,0.08946925281364657,1.9777113908837562,-0.8407202825449452,-1.504625825616988,0.053174029418963195,1.1329458185761065,-2.2226394894654127,24.12477655142999
-2.118808030796683,-0.06116787055203623,0.9316375092827021,-1.601906132325628,-0.6599860552747537,-0.47660095200495517,-0.6993024323420715,-2.2517490524040364,-0.4084010932343385,-0.5316309204335614,-0.39407897569920675,1.3511617534640574,1.7283210301221272,-0.2724588994129787,0.5574554524892817,-0.9024490149552002,0.9007137055941864,-0.2412972210620473,0.30585758380788663,0.9363693817264108,1.2199336800280791,-1.0664347230188806,-0.36835572143589757,0.6288538570072445,1.786650903093359,-0.9313971919361131,-0.20840784930663153,-1.5676323501159377,-0.14152592318756146,1.0713786549181803,-0.40082577261739394,-0.6117018683066253,-0.6798129148181249,-1.3699577282899862,-0.015764600695424996,0.3050753527218088,-0.5248104715211831,-0.10084823286126927,1.4032107771688018,2.0683862505352697,0.668606054827739,0.8426370260127574,-1.8566053537732712,-0.3410341053204755,0.06690951169484503,0.38458383725678624,-0.18193910081578665,0.1489269274023043,-1.0016162986588752,-1.4515700162525709,-0.4597437680303152,0.5052652771350664,0.8498019849370756,0.8480056136843703,0.33798618740234637,1.7695094288818962,-1.371547499974812,1.6699146972161578,-0.9071702560727444,-1.2067248890168691,-0.7722301443237057,0.5341483861619435,-0.3156956223958847,-0.018313494513581843,1.3273654408219142,2.0839670650993565,0.15850284242972618,1.1044806512861582,1.3546569872189453,0.7311317030981352,0.8601733189604835,-1.8675225007195053,0.03336868729730176,-1.9536289470655752,-1.205066206507063,-0.840830770386224,0.12830909451529798,0.4355814235463229,0.367205051755784,-0.7897126674541167,-1.6965749249624107,-2.1273157504651636,-0.83639153779931,-0.4454630615026394,1.8437005021882493,-1.3628852819204937,0.8425349334644248,0.32985123393366633,-2.1966410743489204,1.557933351681606,0.014904717408176641,1.199688935519468,-0.8718537017045984,-0.7543959547359314,0.04180351457226599,0.1314032538750219,0.24051004723771022,0.20547527456421324,1.0777997909273802,0.9933762741882999,-33.603645711512236
0.1202457551892654,-0.8570019244012288,-0.8423886779516542,-0.7039293754228081,3.00575388528464,-0.5636269444942992,2.328464857246501,-1.093039827093593,0.6076480793260197,0.45347909136652703,0.7900727293481091,-1.2651987173606656,-0.5320186569953935,-1.658270807191251,1.206749409757379,0.7197262321115944,0.3809452388857009,1.9258838773724198,-1.4403382788679013,-2.3412195158695956,-0.31032381072206244,1.4570476424904553,-0.7507391405456016,-0.11466262330763524,-1.0589375875414306,0.21383015388519702,1.0320003856258666,-1.0006794763562463,-0.29666308710869144,0.7704037253162419,0.21470190800702635,-0.2602863134227675,-0.4149222723180092,-0.06699478076103259,-1.7608603256525615,-1.3312793116319477,-0.55753271309398,1.2981793555162522,0.15287789652886685,0.30718914019647225,-0.8175100277073732,-1.1998782538833581,-0.06334511843042563,0.39230433553054345,0.6261709353621815,-0.4510391185061297,-0.5087423754462377,-1.408820587235334,-0.26947066190126917,-0.6344025498062561,0.8079279543504131,-0.09283695319704469,-0.446233098029904,1.3214915275898138,0.9792864147627914,0.26341351495691123,1.7056501475356662,1.1773502260602144,-0.9290572238113026,0.5590463393025917,0.10416462487743364,0.06129050208502339,0.7977208027357962,1.5683350382149603,1.4987167267517922,1.4535333061187055,0.19981501893065706,-1.5533527097101802,-0.21920742116435307,0.20369103192782778,0.4576964335777067,1.2479023292846048,2.2592461895224827,-0.5242157566036793,0.4498222625008246,0.689591122647775,-0.6893615283733618,-0.33997780278282086,-0.14403859352569093,-1.192242885949872,-0.6974553294654802,-0.24058008359655728,1.7977352100442952,2.0672492524234065,-2.035218926954808,0.23469499564603657,3.1442807650192646,1.0741328353532718,-0.1288089942458258,0.12145803251353295,-1.6526274842493485,-1.2819092129073248,0.6721286860449738,0.8088095259136246,0.7544036703404782,-0.2848930808113868,0.9857622230563678,-0.6339634430678819,-0.20632294051377018,-0.6897934188106835,47.02062882327709
-1.2724515198979784,-0.02934691468435733,0.09492909722298627,0.061597166873483745,1.3808980620956954,0.1670450834797546,2.380109383797645,-0.19214647080010747,2.04919838092738,2.3485391359883447,0.6305447312416054,-1.1805754086395581,-1.9739168954922721,-1.574141243837456,-0.8335255006286652,-1.0020683275419358,1.2518404188766243,-0.8237748045145834,0.566741843342313,0.6316897636005678,-0.09080092757672253,-0.5227481638523133,0.5314578051774257,0.5201891033012426,-0.6320417367677076,1.4990379201222563,0.3825031962420083,1.2944378664366312,-0.3006092358362453,-0.5171032140579287,0.5311206057406459,-1.5776404756462605,-0.35675818894711825,-0.16280634652302656,0.40221545673641707,-0.9821567079645482,-1.3068227775281442,-0.32852276759376325,-0.25248383898151894,0.5777630569730956,0.24957494241845274,-0.5452949867500019,-0.5849639341390774,0.9533301671507746,-0.5223383857470768,-0.21531893291351117,-0.08278381607172984,-1.7146888707636274,-0.6910450588079475,-2.275304750948991,0.31183985270103026,-0.046581136207441566,-0.4023539645271226,0.16411265240827416,0.5670938973868034,-0.452183752316154,-0.35481882982824947,1.153403662826922,0.2719278821018885,-0.34615600809603453,0.023033543993343873,-2.311173774747571,-1.0031046910259591,0.9295657044376365,-0.8932976220496629,0.6242481790536395,-0.32099277384382885,-1.6158003875637905,-0.2502675676604607,0.6971864949099188,1.2018817535705173,-0.2808398216348966,1.3473231230283482,-1.3036671457863598,-0.6736827404556164,-0.7472731652581096,-0.009095944461886721,-0.8825394556797818,-0.9468858273944417,-2.565569315555169,1.3733034597467246,0.19949091646754885,-0.4207234819253383,-0.7948355020557152,0.17184126816294604,0.1844786267081993,0.8806621420297158,-0.5781483399194843,0.9186326991758889,0.5516272378196978,0.742678098168224,0.034877897089246566,-0.17716419620690285,1.0571091614444335,-1.6574865052565106,0.2973350115716552,-0.0940264740537841,1.2970883138881177,0.7582297462557691,0.4231931523892495,108.64314469224892
1.3470482526628422,-1.9908410700488746,-0.6423675054560694,0.25430090416249057,0.6381643030596089,-0.5390375414072633,-1.4901308703159926,1.5550030808652764,1.2910291174882063,0.20196862773293964,-0.6803913370396492,0.32341105925962715,-0.8611458985557956,1.2074132277035752,1.1454758944939758,-0.4542363791647293,1.1049497727197544,-0.9983933975256523,1.1334848955787902,-1.4584058127036912,-0.8888538196256871,0.9309275366122272,0.0715905060587672,0.628266927853832,-0.681995980882379,-1.0541321086902196,-0.3851432636064721,1.0056158320117077,1.1995817026234492,0.07615374565224516,0.6356741825714526,-0.18354011503934298,0.8018441103217064,-0.0021425241204971286,-0.2576343510562667,-1.0682403382823968,0.4857137723700252,-0.8108079372812783,0.45197028356760305,0.3684896222112917,-0.1884339914212136,0.9051648527668293,0.41421900695771696,-1.4516910577475541,-0.42158923095571355,0.6298146504429741,0.4584027988190898,-0.21833630215762778,0.5844243223910077,-0.2129359858097536,-2.1261682663424635,-1.1783745891502595,-0.13103939345830565,0.2980769805031525,-1.7145498067304032,0.370215168878053,-1.2125621932764497,-0.6799997143395867,-0.829042723134102,-0.01052908135171,-0.33776544203894315,-1.789579854559778,-0.33579731530371,2.641324815729493,-0.23552641018450676,0.2854829889403458,-0.1880935531112675,-0.14835180772765433,-2.2165702324341665,0.4140379748519188,0.930960623749686,0.26815492941704044,-0.24271698516270995,1.2329880465044427,2.6977099016106094,-0.3796962334357247,-1.4037651698660896,1.0962136672769527,-0.9398348822818566,-0.5224498599395895,0.039290799149294016,0.4837151852122388,-0.14232607469355685,-0.8720630006946575,-1.4735015798519053,-0.05542708452535735,0.008749955961606026,2.6314619634716716,0.2004222574587444,-0.933354798674378,1.1326052411591665,-0.8755147890740412,-0.7271065823268081,-2.050270605593136,0.005715655187693309,-0.05093973202884555,-0.12247668194881954,0.09387171319391104,0.5918838655766303,0.39023325922664454,-366.76176191742434
0.7568498179672214,-0.14228408402627943,-0.3937384977267183,-1.3060817278733425,0.06116428920984036,0.4760995918204859,1.8421792741710177,0.05057777827554859,-0.49435041889257625,-1.4493349007760712,0.06630787714135586,1.6883770356414978,1.1426295709097951,0.42962945743903225,1.8768822892595047,0.7348411017563222,1.6023928757078731,-0.47362026593629997,1.1382678725480233,0.03457325654390455,0.6936920399966796,-0.9877456816633753,0.677955369653908,-0.7523944454054959,-1.4095011861604405,1.5495074983512727,-1.267324487325219,-0.009629514006108475,2.2053771255086057,-1.5014314346030755,-1.0161987481401595,-0.019102197424906535,-0.29288097392602985,0.8598639033482581,-0.639583888232894,-0.14640554178379986,-0.9510251522017744,0.034069297942221084,1.3652911136836268,0.4483341928604355,1.5004213356182792,-0.7408735269783906,1.125338311505698,-0.8027738854987903,-0.03531693211739331,1.435469527423402,-1.406750321873822,-1.749614793951506,0.48333905508812414,0.5624111241375043,-0.2673833585639689,0.5313002677404067,1.685388182670029,0.49051114838643933,0.8044499765912124,0.14001165706641866,-0.41362265804744275,-0.17315630349781036,-0.3850803402866598,0.9928350521581635,0.1945629550054537,-1.0404979464773958,-0.3531104479716258,1.9575113335806413,0.37330318176291194,1.298684071846163,-0.8341554373786814,0.3284133032673338,-0.43266826879883835,0.4708342739166107,-2.225212960120562,3.1798938207322314,0.16624877961627402,-0.14874248568407783,1.3419384621269035,-0.48427383235348337,-1.6074000327531563,0.0387129043623536,2.3741020076771244,-1.1020505621983279,-1.5713291733944739,-0.15657778218979757,-0.01550343988228017,-0.23064968751277687,0.24520676142699901,0.6174824526969056,0.2295378640495154,-0.6204608898448205,-0.34110180165154136,-0.38325437706271626,-1.1527471979522343,-0.005112461267629433,-0.6430854175760227,0.20543152349731575,-1.0440736280141432,-1.5919038062573398,-0.8156431492081592,0.0038414767557825693,0.5466714464918162,0.5257611978565474,-45.86554006111071
-1.4704227123739306,0.04344670789021736,-0.7822360516678087,-0.8572921468863892,0.9558309227507537,-0.118439547547344,-0.4446713527623865,-0.951114260663417,0.30304519726481255,-1.0946609711717277,0.04368281699678199,-0.31441241712859513,-0.3269250852074372,-0.7632374369107617,-0.9382104182129881,1.1735888218680628,0.34255236380612675,-0.20800122147109826,-0.7000464485320794,-0.34884343317855787,-1.2527683264163285,0.11916113443860342,0.1542282312040867,-0.5838991587088793,-0.10581126679755602,1.4572179806500887,0.3056486327504292,0.042983630189990796,-0.3656356740388793,1.186074321360805,-0.526446971424877,0.07320821355762934,0.43932297422180056,0.19669765475790935,-0.5675187033372292,0.12754456570838713,-2.443831035875937,-1.6433826396521953,1.251438496185607,0.08826436132053839,-2.20190107094383,2.2135496433860755,0.034988734537959136,-0.7988611757042383,-0.7998472545578612,0.6623973384522834,-1.6996679069870357,-0.6401358360718898,0.7229708757843106,-1.7129989253591196,0.10543409253856019,2.1904786236913494,1.8935350842476992,0.31098986501716347,-0.4400506175580494,1.7472801578237669,0.8838235120436041,-0.23284342963364826,0.541923764398954,1.3853750364229163,-0.40054150110312775,-0.7740724779864239,0.8712420858251025,-0.10872659700776023,0.7052463168569891,0.5099437034342054,0.2915126810658033,0.5228173139593112,-2.432362252991654,-0.4254396221415346,1.1185418069101194,0.15332627038918467,0.6126043210418082,2.1000637873945687,0.8868861902758004,1.0512514167771558,-1.0744543803621986,1.1878249871314612,0.4871845930107017,-0.6928510080389612,0.19725896496949633,-0.552675520625262,-0.9028088244284976,-0.31511942481689903,-0.35021644052487283,-0.32747356617345397,1.4001054528255144,0.4694936961212759,1.4449017113348186,0.5161003960965901,-2.4361115855542534,-1.651009735509625,0.21146734779011614,-2.3782646897264477,0.4989306871647054,0.8956418985521968,0.5750898727984893,-0.7225343741579392,-0.72012436029128,1.8398874854900642,1.1341810997362103
1.0625396946227343,0.9067038751795538,-0.5284264850625082,0.3323306397032253,0.6950914859591536,1.7943086595461375,0.320573344461094,-0.10640486925788208,-1.1427179837315211,-2.6615394386994784,-1.4668775229249067,0.22596679646820467,0.6604604330580426,-0.5801195955146068,0.5412782215138392,0.10535266830589703,-1.7053293391251587,-1.7320282889748042,-0.10969264515552125,2.2254605343456464,-0.5221711168527333,1.5810600135579067,1.5841812395434862,-0.28602691254035223,-0.7455586041957595,-1.0033645619823328,-0.2326147699610322,0.37486750211248393,-1.9724437488231656,-0.38153288278380243,-1.2303378241055305,0.492490019890624,-0.827572483308546,0.4634102678473996,0.8623604198263058,-0.566176668158624,1.0067298921300978,1.3583356226015042,-1.7220005544828405,-0.7165222652342975,0.5646863618578865,0.8312995093216367,0.5586563743019968,-1.152648289828423,-0.3405461429222819,1.8512397614836213,-1.028032151648966,-0.08685513105431737,1.0274464616766235,-1.6791284959420107,0.6502889716632876,0.4280257214881383,0.9233869028095519,1.4521693498250086,0.562869963122486,-0.8517011902642897,-2.1128161944968937,0.10312677125290062,-0.7337909633705828,-0.25791992124805835,0.454726527678137,0.9970659645449349,-0.6645717759700666,-0.21677877628476486,-0.3895565430021612,1.4556186861226228,-1.7102963668275266,0.30048881277334877,0.7148841522380432,0.8577966054793196,-0.2749666987601093,-0.23818917733736186,-0.27098118167135304,-1.4448421828390894,-1.3596663270309401,1.3050653173767137,-0.6504108561657281,0.40711455746118314,0.4062038642059663,-0.5541195232112403,-0.8315736882746819,-1.1990927230417079,1.2130621087881706,0.7126344425001574,-0.9599613815032327,-0.6158847114143342,0.32354581503294305,0.7900774897078313,-0.4191989553323629,-1.8208937180305789,-0.1012994628695759,0.8049820192977784,-0.5608473983185167,-0.7060825016760408,0.0037968065024947266,0.35069670348360016,0.5980255194243503,0.2583322826791078,-0.23948446098493317,0.5018673997429891,169.14461278111682
1.825857454880653,0.8108716356006469,0.3511559201650893,-0.24953574590897407,-1.1044337695394026,-0.13287836841836276,-0.09932850933095817,-1.5586384465807195,-0.09273354611761866,-0.13946566134189242,0.042093702925053954,2.2512460226595423,0.2200220744678966,1.0538810454595189,1.193081725512426,1.6796314697092585,-0.17864428500071936,0.9642608546910295,0.3526549681001898,3.704394967407227,1.2446395118183002,1.0964196559402015,-1.1750937691005268,0.21808497617455336,-0.34368190017510486,0.6432552813983978,0.13416413567074806,-0.1716336509636214,-0.11948940643420848,2.2998776197809123,-2.0165123088412145,-1.5549836680831732,-1.7911528510778192,-1.6459684460279407,-0.7259027664535842,0.8848934487690667,0.9284580180192498,0.7454487954494456,1.02477130145905,-0.3235336190862721,0.2219164013429317,0.40625090496148736,0.6761582962493119,-1.3255450186233484,-1.4415017647766146,1.0191066484837503,0.7658449687037814,0.21817346024008014,-0.8603290071382399,-2.616746136552761,-0.4673965028062392,0.3057641185708179,-0.5387121792966546,-0.8858768316465031,0.7439330148055594,0.4355432486980473,-1.660606936425564,1.6076582481542958,0.3042568022456511,-0.928105305119157,0.26509461301067955,-1.7606270894885745,0.7491877683427027,0.11409693940369658,-0.023963228003683685,-1.6856860508770402,-1.401174166090334,0.4026629781788258,-0.11613070464128503,0.0487202529763119,-1.3720290693409103,-1.6786946535141585,0.34460565456776454,0.5824467187531692,0.9223289788898523,-0.654457647737785,-0.5297646707098935,-0.6001304810497331,-1.560933674874493,-0.1049713442078299,-0.9875857564848368,1.0368603294357672,-0.4897799967444696,0.6328942981858705,0.7604526580634716,-0.7847279138268489,0.06256926762360462,-0.47403517023464903,0.9826650019732027,-0.7583063410965424,-0.8220552236503894,0.6913525166683577,2.1763941287235706,1.2043618213340936,-0.27764511237664335,-0.01960901887964773,-1.4480307948578754,-0.47035517731960935,-0.6653497073054955,1.2472521345845275,-53.000203150170194
-1.3671273864500337,0.9206267589305158,-1.2796488452810717,-0.7898146052513254,-0.36063640378485473,0.1352706479584007,1.489696336901239,-0.3083763825398195,0.9013546339318053,0.10781887892792569,-1.1902131529497963,-2.011888073144113,-0.6134544046421475,-1.351777990654152,0.8566783383666028,1.6067129923296108,1.8071205757217292,-0.06866858863672211,-1.0332641062551464,0.8848934461904125,0.844687131531088,-1.550169202473718,-1.2483918483302965,0.46797728425716384,-1.4345890047469676,1.0232249585755884,-1.2898321747880999,-0.36993090159548137,0.37072259832799526,1.6674284447999672,0.047774542742829273,-0.9127843997089821,0.11490754034049645,0.4296247527897203,-0.8188428772703051,0.00480969530494353,-0.8113447828073285,-1.7060476514149225,-0.5067226380819281,0.6797484265816668,-0.27223320479522345,-0.2933012234973979,-1.064391666600607,-0.9255701508647229,-0.8744084261512243,-0.40270541640455326,-1.622386882769321,-2.3447555590490086,-1.898183641935764,-0.06555396270133358,-0.6468830311194014,-0.060106998969846934,0.683621921427087,3.173372494570775,0.636977971416287,-0.17956185533957514,1.4466682751787525,-1.268387816748245,-0.4419800361503207,0.056740030454663484,0.3756793864949853,-0.7942580971752,-0.5698198546807833,1.8081570420057398,-0.23509898432426016,0.8344697899341896,-0.41718136980113824,-0.37593851472078044,-1.0243754554284892,-0.8096810763659928,-0.7767619562258233,1.4257205995351068,-0.2083995709601503,0.6452312146800419,-0.1246225070481212,-1.0184103258154154,-0.6233871594335156,1.3535709690938218,0.14517529569940787,-1.6091388933985138,-1.2577986818026032,0.8237492118543782,-2.225794814773475,0.4309396651151846,-0.5919083469765425,-0.16488694815100602,-2.0559340360213336,-0.20431146565661665,0.8683389557539021,-0.5328078329478728,-0.38949879720365876,0.5355216802338078,-1.5936570425716354,1.0407252021434992,0.40027493933316793,-0.0006612763667715927,-0.632721430759393,-0.3747989771493508,-1.6108108560449557,-1.736262053525666,-238.1094908084059
-1.08033564712,-0.7878198486816864,0.02173790849722936,-0.3923319816123674,0.2815780213583088,0.7509525486138113,0.2701664969932685,-2.0911550018948337,0.8753308501040395,0.6813334765390052,1.150132065974657,0.4149094907572705,0.25140290417604877,-0.19888763664272566,0.46076257966011724,0.3425339046435889,0.21886267060295814,0.7814789162797952,2.015898951218212,-0.4036659035785515,-1.1846275322287358,-0.17079450178100392,1.463622012659837,0.44389286313685616,0.397262217037979,-1.8010782365492968,-0.48567382880302495,-0.6251467469446507,1.1133910228411432,-0.4237468741195895,-0.9614533955511897,0.37653438032823255,-0.74694326562189,0.30072193721446555,-0.5717179236619334,-0.2973309928222519,0.07584540342804752,-0.6338485301433936,0.1788663319557179,1.6862744816706154,0.1670160213635342,0.6910010977312289,-1.134065026726484,1.1303149603419882,1.2706446296031684,-2.405360882807293,0.2229739666483592,0.6344957641190705,-0.6480644021895604,-1.0235072557849245,-1.6003085578099359,-0.6941505502066815,-0.9268946687682462,0.3167539644485574,-1.4319561926068602,-1.6953053635878275,-1.231377053581423,0.757188376029182,-0.6525819755195316,-0.45905129867645106,1.1241305797257015,0.5176296322881995,-0.4065905128293226,0.9971030834871744,-1.2676270293275214,0.7216107667472517,-0.21146967331034766,1.2868219846759417,-0.5470229161497885,-0.6112641854217142,-1.418683782472894,0.19621010231203856,1.5855053564963952,0.24090993440851868,1.6824699792004274,0.3504021835116333,1.0554299803126224,0.5877460904173757,2.2910786792780873,0.06700702426083295,-0.7367669451109902,-1.0923341750076063,0.16813042993236185,-0.6635168396261323,0.006972145567195628,0.28903014229074236,0.7106704438312528,0.719171418739821,-0.6553726185528886,1.8122078809569935,0.15896060265503678,-1.1197093083035263,0.3315544936377203,-0.50746037089909,-0.30083676785365776,0.5474626592499812,-1.1437066700518612,-1.0191615243733974,-1.4602153864131082,0.2520804516159369,56.53901499005234
1.2269599503109452,-1.1106887854261827,-2.01249972735009,-0.5287674151131417,-1.815278421525047,0.17358485799508908,1.0677378438669338,-0.04228329147677185,0.701585461243109,-0.06432640973972727,1.0090337917619494,-1.0962324953139941,1.5055196640735395,-0.007464330347989156,0.23143770255843682,0.03856464796059322,0.27079388101538393,-0.811762786132504,-0.4291436712491152,0.5090258107285385,-0.8111121535829031,0.8163085579774328,0.16714491184530234,-0.9513513771666404,0.3946902950992567,1.8857752447914988,-1.4876915936536712,-0.9404910618059391,-1.274992594275452,-0.34800298202141394,0.09504676673409862,-0.12512539678704854,1.00785077089126,-0.604968630047835,0.7195695017614744,1.156632445316821,-0.5909379307720216,-0.20387623668504062,2.9020062547260603,-0.8246815074048461,-0.9229557442712821,-0.6766039142995609,1.6773295514600497,0.09054723079242735,0.4234677835385476,-0.6995961345922678,-0.5797631503957431,2.296232857911723,-1.2015653826712225,0.4654811389282084,-0.048499659841645205,0.20132263356281904,1.0942102400996323,-0.4443937293817258,-0.6674669046365158,-0.4167889084839028,-1.1188488615097607,-0.08735905378458914,1.272783506822726,-0.9330512803298743,-1.0375599202731267,0.9204057440253062,0.3845082051393998,-1.1139007552315714,0.12279401250476488,0.36472176438065645,-0.2757353344786926,-1.2908235846406793,-0.24790156341875,0.6942870525088097,0.38465924036392835,0.17201163551662052,-0.35908718751989605,-1.649841312272854,0.31054173131871154,0.1271895747806851,0.5054953205698173,-0.9915345681986225,-0.02086103097960435,0.763879586951844,-1.652248092240805,-0.7496602261936993,0.4511151621720136,-1.4132954492925578,0.004593883283480294,1.8249151830158827,-0.6745661162612742,0.3003246806854567,0.4789333809172845,-0.7879641537929325,-0.7598388851418358,-0.23679383497849008,0.3570532346435747,0.0849877968848753,0.5724609728593939,1.8517268845739074,2.5842933615118073,0.9826888233303478,-0.9520217845385005,0.6597256534694524,130.7655581940968
-0.10900734543507341,-1.2048547901242883,-0.6657529609174468,-0.1719230102792683,0.5458750107863243,0.7398783765545077,0.7709573638552876,0.3444463373332034,0.6749727248107621,-0.9175634660901388,1.1531554178479597,-2.344503656315218,-0.10333008831498718,0.9655868758609376,-0.36951914055885904,-0.6117422435578392,1.1472443345488121,0.62352523043136,0.4841527413836284,-0.04277398346300982,0.32459055727831676,1.8584994410408853,-1.5117746995894654,0.35583718084562477,1.7074069976000747,-1.1016562062375534,0.34705347667259934,0.9926821277843216,-0.29163432623081653,-1.722892854678918,0.2966462500822823,0.5746256705148707,0.19417453785609953,1.1157888473327104,1.3438287395310413,1.1420364849243598,1.2132321111574405,0.11648713862257801,-0.4597963293145869,-1.198148961300785,1.7097030981082213,0.513696539558246,-0.695586309273245,0.24674187216625015,-1.0107194942689008,0.4582634282482606,0.5513783001177807,0.27248501545118603,-0.45396239457117404,-0.14393205017838726,1.697382690745496,0.28581628786245955,-0.9791259136341436,0.39276245922377157,1.3662768300924168,0.4470177735889992,0.3980777455037524,1.1431968232619862,1.7399570963989224,0.4551728055368721,0.690985999903531,-1.3730729544282154,1.7145459441640118,-1.4278978686367088,1.6845974847243548,-0.15174892780657484,2.4236580851264797,0.3783484262917512,1.2925016889976577,-1.629852975237949,1.293852781258979,0.21862617120267208,-1.7689697029330524,-1.1270869040497156,0.00662364625369546,-2.1474733870462965,0.6783327192813787,-1.9765650916043487,2.4548117039874975,0.6839346968356083,1.7391491629738118,1.0556735075834365,-0.28780614465481524,0.6090574937198203,-1.4096346816487026,0.019459789457783202,-0.45889669027777574,-0.33607400963349626,0.1523473210116035,-0.16432981018073065,-1.926153514797995,-0.3369044972941118,-0.05326623328308942,-0.061606418331991694,-0.46462279177385224,-0.818208051867512,-0.24046491220951655,-0.02197839173154498,0.5623351985092477,-0.05699415707257405,173.84184184888102
-2.1586598652285214,0.5909913145507844,1.2374482849009414,0.4170424407601221,-0.40834984568504634,-1.7727452252621594,-0.5757354994443832,0.042177424312952495,0.007026125965471499,1.2742388891775316,-0.5032599708982644,-1.8881894294375972,0.011896292888628484,1.4573084946030868,0.07164669920418835,0.11412710070020546,-0.7099749183509355,-0.7362259289731965,0.8853378545643951,1.5378825110429766,0.7090508395548187,0.44376732571774474,1.1080239392783882,-0.0935613316565018,0.85861973949141,-0.06998572721787508,0.9224534062744227,1.309058769762697,-0.33649748619149167,0.8345561108203874,-0.20847874838800037,-0.4121879062135413,-0.33972186434309215,0.5980827766777708,-1.3006457419820012,0.16145426543039654,-1.7809135027213645,1.2985658888474785,-1.63171861195028,0.580200408458743,-1.680182824143791,-1.788746612519468,1.1717588060968347,-1.419221018726868,0.672962866508329,0.08333568056076775,-0.9234171553403454,-1.477779841416557,0.906723571618093,-1.087294312330726,-1.9419001888469791,0.23926395968340763,0.13768505623727836,-1.1201852218733874,0.044536531739685525,-0.8638917496090772,0.833760138236744,-0.38047822239437673,-0.0340969538400908,0.652004789612924,1.3871778176178189,0.6467800575903037,-0.6721000584315964,-1.6091944401930232,0.25385041526695695,0.5254667984875285,0.9486826485001922,-0.4233578981372122,-2.7809578733897964,-0.145916301975239,-0.7196742271766582,-1.741820892752605,1.021890049419798,-0.899211046021356,-0.1867486092006216,-0.2798937190277509,0.19968157592093574,1.6913673310093453,0.35430483170375904,-0.13731450859595454,1.4406400294547668,-0.7402837372541227,1.3639367036398964,0.9280027037490434,-0.07280863448105657,1.0495788498179897,2.493230238104262,0.7125890633886802,0.8160082079520036,-1.0718301594313215,0.9175579601786432,0.9422699363824102,0.43957181529187617,1.1252046040643748,-0.6385624927298036,1.029831272418757,-0.4652649956068997,0.15783960705656744,0.017045266606222954,0.05993981443828645,197.83719066638034
0.9641948892664193,-0.906107524793649,-0.09771596387391988,-0.5012870415372314,-0.5740933222104814,-0.33868591885117577,1.2257751366467682,-0.9289875981681658,0.1270081698585392,-0.1269657269250029,0.8018495191252136,0.8408099561506823,0.33986379355849705,1.146560221291754,-0.09649834760034935,0.2671976715203724,0.16759853416181505,-1.2532597387003164,-0.4385174899203411,1.4381755954320015,-2.482575180771772,1.274795509416706,-0.2750624771122624,1.1691179353858083,-0.05427720852184999,-2.002458711682281,0.12721048571706775,0.2174174006039007,1.8390217254702168,0.28428512640894593,-1.796299043205287,0.4828721874424993,-1.378119694797728,0.6389135037823618,-0.5608987352778715,1.3983455949286658,0.7161257642299669,1.9553736756332885,0.7083080653368622,-0.9346195926987635,-0.8845647023771144,-0.11484518326087409,-0.41263234656307135,0.31364721036238513,-0.31471378119345905,-1.3873427665503266,1.086321264986162,1.2401916543082876,0.40019411892275897,-0.11816708190600791,-0.5763146503145763,-2.159171509254177,0.08658102426786429,0.7856419445246156,-0.571268815560196,0.57213561738059,0.8453243792579455,0.6676527518836578,1.0389175584829822,0.24615260322792432,-1.4208199432780253,-0.42103752754055407,0.9246078134020401,0.38218673648517126,0.2829342969029982,0.3083302125312214,0.9097618267837241,-1.2497595882837236,-0.6448402188953587,0.8400890777147233,-0.5084021964842451,-0.1471848893287426,0.13483040936304386,0.1884561823045866,2.1943145921866147,0.7181376045636348,-0.7012412383655322,2.4316167805348443,-1.9854032176983023,0.277626760699014,0.8970921334972262,0.27551008824561496,0.5598494879190792,1.622150984766576,0.05623391095106224,0.8615819565133235,0.5107138062919255,0.2375546586478963,0.013425256425682177,0.279087606503431,1.0724391080121531,-0.6750109569028967,-1.2357139633647485,0.30127239514424115,-1.3899769257641288,-0.35765261031062007,-2.5196302684939877,-0.8043382884687348,-1.7091286125386942,0.7103626373858043,205.47997836116298
-0.2969000169248784,-1.4248685776639038,0.509729502275472,1.196851780193447,-0.12287378149879817,-0.9868579754634694,1.1467015194313737,1.7462449765607095,1.6006202531746636,1.342358216935508,-1.409438095154671,0.677043178776133,-0.41723321274720704,2.36334303044178,1.5189820386229518,-1.2352671597825617,0.34403483857486605,-0.7569402947618014,-0.7112538061053141,-1.2609422365015253,-0.814271476218783,0.9365242944851653,-0.051790747521194634,-0.3311338596322813,0.49829605569734997,1.4113742905019135,-0.17420570875822328,-0.22717102451046062,2.1336061614425974,1.4876849202653963,-0.25608712100706155,-0.04413850749333921,0.028796919727973797,2.186410539285317,-1.6550626019289698,-0.9620823967214476,-0.16836979609611424,-0.7009678573543784,0.4551323679241516,-0.38797731925582807,-1.1171734235365196,0.9365582633680971,-2.9978580451415677,0.354483399101951,2.6721155599288693,-0.651300443911415,0.9033657484257768,0.5555350329225389,0.2797873658731839,0.6201991593466273,-1.936683013579573,-0.14946143022094485,-0.46120683995097944,-0.8086662146870918,1.1845004042715437,0.35695872695033426,0.17204386829737614,-1.8175280319843907,-1.4855006070465357,1.1734413427632575,-1.3080711748231069,-1.6266436193305536,0.3709831286856629,0.22254272228451477,0.5613066075660413,-0.38906524908455076,-0.2851533960117238,2.182419460894945,-2.2329133959900784,0.6988420577548521,-0.3924307801862993,0.021376806456226707,-0.8465986584201058,0.2472225794197533,-0.1540896139195581,1.2920733927445618,-0.17425826646614206,0.7623004137244638,-1.097173201725823,-0.7361398976465946,-0.6520057409034189,-0.22419219534120863,0.03112031192311434,0.16184117272745535,0.7916177336476876,-0.4597383912017871,0.6797705694209022,-0.0672255555399422,0.5322838415108325,-0.25541650199432975,0.5450474179459237,1.2108678147853553,0.034401083101071754,-1.3456922834667966,1.689269237520571,0.8435921813822121,-0.6048694074523708,-1.7177388725797835,-0.5690317243566944,1.250440797603642,-323.1890307052625
-0.7816024062876731,-0.6486746782009879,0.23267781841770885,0.875933826162203,-0.49637199710229774,0.29694203087894383,0.9869020696813121,-0.25501580410418,-1.0820995059162721,0.07781000764001139,1.508374377298759,2.3602746609327285,-1.0248463625581417,-1.547643993266084,0.4182997287704961,-0.5405293907600284,3.0256595186737965,-0.8037830529509538,-0.37861686210319695,-0.0024225071804254567,-1.1356026291509758,-1.7024734924431635,0.6451503893394542,0.1699712488744667,-0.802369331027714,-1.4430908243532652,0.07590139312347455,0.034814291374403304,0.32891513325461,0.11951318679567934,-0.43598278442298566,-0.42079875474651385,0.4124149555377116,-0.1294366991202231,0.14418341213096464,0.02706139417249171,-0.40412253169433526,-0.2816111388594671,2.230830429221477,-0.20324448844510976,0.45875994739976916,-0.40075613483297584,-1.234186874818142,0.10240715367028232,-0.42642292253221525,-0.7138683040329417,1.001071612494737,-0.2807922630382102,-1.3888908469747987,-0.6389950896784441,-0.6887703969021765,-0.07101106351650388,0.21516914339279447,0.4927289384605381,1.8052451659455273,-0.024656051329478755,0.8009531130942346,-0.6786684618741207,-0.8368243439447166,-0.12858207424128176,1.2433554507623803,-0.7158049730633612,-0.2047298075611242,0.20341416874671883,-1.1938219228993412,0.4712290952409022,0.48950106661076803,-0.29884878226176675,0.3297524065144739,-0.9538373636768472,-0.9704418766124558,0.7547201454957791,-1.549392501350717,0.8317485071709306,0.6279418119147167,-0.99444218523034,0.2021245644500112,1.2862831672447994,0.834400502885893,0.8309754783572583,0.796664243742155,0.5806305985481701,-0.4215991389800045,-0.920514109514777,-2.252156332260672,-0.7342761078437031,-1.6506258424330553,0.6980920199080812,-1.0517528689138114,-1.0264752287131098,-0.9668078698094491,-0.3384190296480696,1.148332882276998,-1.9134475251026906,1.1121224089472137,1.5609667530743445,0.7930057142375943,0.6232501536172362,0.7806355749979318,-0.509130437417574,40.775794272478514
-0.031957596412554454,0.6600685166276439,-1.5546258245261833,0.9665694270002904,-0.6327030288124146,1.0583050846711466,-0.12758690715060025,0.8336104125024346,-0.14326325277854968,-0.2670285281927091,1.1589085244302844,0.09001135278017493,0.16591293097587906,2.1657763951403317,0.7836833676327203,-0.5982803263258006,0.43249767183205284,-0.8582562187585996,2.6040149286500456,-0.9830621987879622,0.8175207929615506,-1.1970155994235387,-1.4238502981923302,0.8546525722771344,-0.1781201880205684,0.05239856923781099,-0.08154607299228209,0.47324507911675345,1.3888746168604575,0.38738608957194576,0.06534260172015019,-0.08655028686875482,1.2746603700881076,-0.01034257099306168,0.20927998193565062,-0.5898698227977875,0.041210666280239366,1.3173352109441891,-0.2987078542345024,1.0246622257226448,0.40094983696824416,-0.42207246270332105,-1.462531801761024,0.4559830990333834,0.376670334487586,-0.2162725610059646,-0.43995567264675717,0.2759684452492483,-0.9270912609596437,-1.477440525109369,0.5212096043691945,-0.7254755178138076,0.28134116398301956,0.3994408613765751,-2.6918832622526034,-0.0782299247465148,-0.9338614317434132,0.28136371218765177,-0.34074564088741555,-1.6205806531528595,-1.9705088671405206,0.3275157061403841,-0.2985335128436826,-0.13077340339108204,-0.2173006328956595,1.2151991718247728,-0.24943135803753694,0.6046296175509263,-1.704692748150214,-0.749455636230328,-0.43418488347347844,1.269375795528131,-0.699098229026104,0.5630575209627283,0.7602430482065645,-0.6013439738399876,0.10712614643429692,0.7237882683303772,0.30360779522747905,0.3682251009689254,-0.8726955699150678,0.8922845545727306,-0.8366653353101466,-0.7554240187685705,-1.0951269212688222,-0.8772394272547184,-0.641660034207251,0.9718542098632481,-0.033903628722743516,0.30991909170873844,-0.606738108502582,2.514096378141233,0.4187095176655587,0.1363633334431656,-0.386721276909756,0.5026243289948591,-1.1219033149458109,-0.7526240073295504,-1.3005315229553163,-0.07858430397868345,-83.28641198216859
-1.3043538739852272,-0.47598010540317576,-0.5255316785518843,-1.5459452438084205,-0.9585613818969134,0.28996552729669534,-0.2152096586210148,-1.0298811160660675,-1.0540230990830521,0.0460727716544902,0.4183587007553525,1.1618442628538386,0.09491130767689274,-0.5177959951059099,1.482833101085757,-0.6659559484005035,0.9298830223009812,0.7339281688232003,0.41100048176355947,0.10445508532814593,-0.26439180247890065,-0.1700109986760236,0.31076836119858675,1.3338915945621026,0.5039016890066961,-1.629185763964037,-0.9110630293605072,0.587456646784965,-0.8005525468775873,0.37295025918784686,-0.9246450160255641,-1.7776295130530395,0.28668952830697736,0.6478570792913382,-0.3072725692229884,-1.1541910552288424,-2.1451577619103523,0.3371242344951154,0.03809307036825338,-0.048887049316361765,-0.13447623228395494,1.2680619308685304,-0.8310556885949657,1.7649475640650665,0.8338635035523747,-1.5148395620762727,1.1675433103716806,-0.7498607779644708,-0.2129021348122644,0.12516063400477914,0.6730244255539337,3.3202422500488686,0.7165988942712644,-3.415735658892168,0.07546252729799871,0.14618733096734787,0.5933352432043232,3.2148583885185746,0.07637543576496197,0.48770430335893833,1.5347083415708378,-0.62631524733775,1.8732884661374065,-0.7186482639280654,0.4764939736226297,0.14247107574070758,0.14658173865625393,0.867226139931583,2.128610436832311,-0.22052929900703303,-0.25175697529337493,-0.35469164830941136,1.4119260620908074,0.39389139873887424,-0.5385292824342212,1.4811500330834384,-0.10095858545916929,0.4953885344180045,0.6604188131947357,1.5099752125279118,0.48276864218974513,-0.5007198281305918,0.9651201042266826,0.0873540358090882,-0.33879089160799614,0.5273981692282516,-0.45572523625076683,0.2071540853614732,-0.10872874983696174,-0.7309261011476598,0.524658153845691,1.7281884489843182,-0.07151962362683635,0.46610016999314924,0.8808003677729499,1.0370094528922082,1.2050346632862807,-0.7958661321339636,-1.9144324376773534,0.6408889601009392,-15.897286019889155
1.4188082937783397,-0.5602581097335972,-1.5581259200134185,-2.332191287204852,0.4311909186475557,-1.551979421647479,1.1425703728454626,-0.391625469881512,0.9220823781543634,-1.1968998251256364,1.5781679751919724,0.35642733171992647,0.367309380234262,-0.03838848846743734,-0.742980379296639,0.8892863723091289,-0.32348611018112566,0.3145701395271391,-0.3900727019637906,-0.15339120147060234,-0.6103650642462977,-0.7300716000771796,-0.9264365266405263,-0.30196675032357106,0.22003310389194256,-0.20954732859656022,-1.6073818837049503,-0.793580816617681,0.1657748378276606,-0.9528954124329435,-0.2943774550401007,-0.11493667443826534,-0.20970236425232133,-0.86231354077097,1.4434548550178796,1.6051813967715993,-0.2502387932638139,1.269791676025709,-1.9030187265401564,-0.7375806345937718,0.5318626278231796,0.579710400596688,0.6239706412092467,-0.8781985783745269,-1.0609734346693076,0.6375599232337684,-0.2699679515193582,1.7217573787651155,0.23284750132676393,-0.31256235388628234,1.2980080582262425,0.056571726238165684,-1.4292854481639148,0.6030975693157006,-0.5860544212487949,0.9962617638210244,1.1437388696018682,-1.0454444649491745,-1.8283612178102107,-0.08283149761809613,0.20592073620477777,-0.520763664920692,1.3628589370659858,-1.0020348119894833,0.8540221972963604,0.06387719648297645,-0.39011883045829765,-1.7420819873478257,0.16695814745981688,-0.5021581632255421,0.3230116628651815,-1.2034499115856236,0.8930296446399927,0.6814784805860943,0.031227638883877817,0.4403154553488636,1.3300208615971514,-0.23179191546617448,0.5349919339455007,1.4235527924293547,-0.34667258059976436,-0.13509814727009323,0.06843588482454707,-1.5705197876814834,0.05338749918257113,-0.40522445074900343,0.5110440471454142,0.6089273895894439,2.1135069443353696,-1.1911231654656782,-0.5563482171018688,-0.8819256919782812,0.6938023002959719,-0.4282518294510243,-0.356211531789487,-0.3441392663850722,0.5006706841459918,0.2936708758824512,-0.7745326425816856,0.9269276233753347,231.54413936718288
-0.2647654963229608,0.4147779869408551,-0.592427031588599,0.3562974704403649,-0.8484844658123591,0.847221419449278,0.5595555798473184,-2.058362605065913,-2.0076211683255383,0.18127263557754522,0.016971780202858642,-0.5957855380476423,-0.3419764729260672,1.2168090810777503,-0.03301594295293412,0.18092449178039802,0.5621035377569321,-2.252026560673827,0.908143426236611,1.2020717975491246,-0.6166898619754565,0.33918346730857013,0.9198606858844702,0.4492209911141805,-0.3511168684881342,0.8907510527281783,1.1748370916412116,-1.252989734148799,-0.43632318091875427,-0.44758194211086044,-1.6722996728545376,1.865106646431754,1.4373369002109566,-0.5830988905661624,-0.8509245219101014,-1.0046134019477129,0.8040445308649479,0.09500581620824447,1.211993633275029,-0.45105118120367815,0.22426874536964214,1.0396466950795455,-0.15544166541106638,2.212859220254365,0.3731138547839566,-0.05064457966721323,0.913724681811345,0.040426211768483725,0.0960032131791103,0.12666596281711806,-1.1083024996934905,-0.3851592699731723,1.1054805738185747,0.1536359324746931,-0.6233931357399877,-1.4834882573336987,-0.3650803277909733,-0.9144313398580394,-0.11029805674584942,-1.0882742108450953,-1.041740354961411,-0.10635196447601511,0.420409047070436,-0.8090673793953697,0.7535163386862104,-0.7443462612425455,1.1684962165660198,-0.42414707815211156,-0.9898477997515327,-1.1214284037717073,-1.2711079545260795,-0.930462510496999,-0.5986830349858299,-1.5988102297799174,0.8083331478070721,-2.1747646810239467,-1.3028016544508343,1.7679655981227171,-0.7385496152384704,-0.458213792994871,0.6418703521152828,0.00643733088321788,-2.3533895801763633,-1.3537077076503683,0.8021105546035381,1.588362214066617,-1.0858496843883938,0.17902884116246415,-0.2263419036489047,0.37259132076030416,1.3671734909731366,1.2071964484846256,0.46132398068641034,0.6701188298462641,0.34581229685981735,-0.38292178164884516,-1.0281568150540203,2.7152328833109265,-1.9244169304037986,-0.22002898655313075,-65.95197192185292
-0.7322906803490151,-1.4455001298929724,1.4662458701708718,0.28846543469492875,0.5694274539246087,-0.7549238501273536,-0.2079891749850768,-0.4625619765493717,-1.6009849101997644,0.5803889932189963,1.2475133433068755,1.2885156753823512,-0.07720200766686634,-0.8938322382986758,-0.10228431158716543,-0.34053708249881487,-0.6090879467938853,-0.5024115816415506,0.25388700438466083,-0.7269173693090044,1.3736506073979715,-1.8619404534596566,0.5323769756480989,-1.8356068271182158,1.2602029608860705,-0.04872199058184274,-1.4501630099717044,1.1373341230259975,1.0616539314923088,-0.14594690652195172,0.4978135176848512,0.6174131986451612,-0.5214026957202569,0.915699782118711,1.290053810029771,-0.13241430028074594,1.3941418428303367,-0.22482814081673705,0.3987997252384992,1.1004368344613527,0.13926232253607732,-0.17673774311401233,0.8547033955108501,-0.39772011938381646,1.0484007899252972,-0.3405770510483571,1.7951114686334146,-0.6484907373176589,-0.5992943255816301,0.12164946121518362,-0.23718814162002244,-1.0395961408456995,0.2866731650044243,-0.17113464385016827,1.1644065473543317,-1.568891360178592,0.35420047295950907,-0.18562399554929296,0.2180128776250986,1.1035451292030791,0.2617665156613339,0.268274930237215,-0.5499318254120482,-0.3992293561131157,-1.0745018982678731,-0.7959518609545091,-0.7564236162632353,-1.3426354677911148,-0.15505584625712907,-0.21371384130332324,-1.1150834005952395,0.29146135087772795,2.7229070744034893,0.9344275104190325,1.7597644934117405,-1.127415728626927,0.6444459053982752,-0.4895894481908568,1.16361001415921,-1.061601879657838,-1.8113867812024882,-0.6503530012242213,-0.07662978291371256,-0.34424712078628106,-0.3068573124429218,-0.3903593774010968,-0.6486612164666756,2.1473802551791064,0.14565876986279142,0.4176967868113047,0.8320956040836286,-0.8784404085088566,-0.5645495806548544,-0.21481796925957314,0.7008775129320639,-0.340361581723529,1.0796052099621778,-0.6536975390448897,-0.5377628190634486,0.1871116214062656,106.06050603149104
-1.6379290289745023,-0.6035625261017606,-0.8406561905238955,-0.833518353930771,-0.004920054626875198,-0.28340299902896626,-0.9520655628118251,-0.6505641925086532,-0.39469672000593764,1.0647446038213326,1.741198513977964,1.5158542281591103,-1.4358330278554463,-0.7315985779924955,0.8489002066955985,-0.67086717828091,1.2864066735492368,1.4271968641353026,-0.02038585640131586,-0.40510597382384733,-2.273392282627706,-1.3464412806612733,1.4866542748309328,1.6485390457036635,0.20696220851303843,-0.9976190031704962,0.3587899806253316,-0.48103304933414337,1.7125632679868885,-0.0637531580422461,-0.34940665976012875,-0.785707416999888,0.6171038455222674,1.0202666978972335,1.215798360515306,-0.05117960182036965,-0.7721048118422332,0.44922875694359293,1.7104535522044502,-0.8329580124951561,1.3645644494826783,0.6405671730528587,-1.1446189758818641,0.5677949201631137,-1.3553152286832018,-1.2792450247966536,0.398004313719977,-0.22230815490090303,0.13357525710493715,0.45873318451227707,-0.7157375775667235,0.6773419393529146,-0.38345016135718335,0.3518975640405777,0.402960579087596,1.1307825956249171,-0.3611194485202235,-0.5437203098872292,-0.8337667176434159,1.1653957169563933,-0.6966372468402156,0.1437318786095748,-0.7594951642845704,-1.2960661661029556,-1.8823532603874837,-0.7404229055566646,0.1764260067720971,0.9455729988584158,-0.5816127950073648,0.2435550661315726,0.24148950218714282,-0.0032450980787850996,-0.44013098819696916,-0.008555658133440414,-0.7555274198986164,-1.7515276977386325,-0.37463943124038784,-3.0148541422370188,-0.25265279837358945,1.0881551987302007,-0.49564395972502184,-0.8223074636647728,-0.6166353917589974,1.2281262931743118,1.669325501931419,-1.0307605859964728,0.02851857133828609,-2.5285313887945526,0.8959142497921112,-1.328203091622738,0.1423528238489723,0.07408672179823236,-0.9162605394648198,-0.05764502001696895,1.5271172714290762,0.83066719062012,0.6800466058550081,0.6108954027141983,-1.252234482095576,-0.4660837381347803,232.706020731634
1.4520590908509963,1.7498129810798493,1.223185501460613,1.0365291801960814,-2.5749491870472254,-0.3838942148414838,2.445461100811526,-0.13506409487731838,-0.2235593562137058,-0.27426446781170066,1.8802971159304225,-1.7818156616219132,0.23470044999914536,0.5421150925228025,-0.058360697067512145,0.39075066187436025,0.22887147948592018,-1.4712123636203047,-0.5905717871871735,0.933589483567459,2.3898424406688674,-0.6129200026944429,-0.9250038193751277,0.5724033264858099,-0.7093767012638228,-1.0548734358806917,-0.8077361898139531,0.44236102045846026,1.2116125626025858,-0.24439307597685592,0.44389477078376727,0.16917946394164932,0.429434232516788,-0.223465578356781,1.9352772185969351,0.284294157474799,1.354138507834203,0.018162266374428318,0.24804112602979647,-0.8693324054918972,1.4171662817594188,-1.0371183786841662,-0.5070349560342934,0.09066280349373898,0.2475405629128814,0.6899196375637678,-2.3744854307920824,-1.0775171710775995,-0.2439700548475702,-1.4558238643504937,0.5075560710475457,0.5244967330555873,-1.6168058416701483,0.23698971794126428,-0.34452199382108845,1.07062933700802,-0.46019661807865475,-0.7741747860536954,1.4117627377184718,-0.20419240518352963,0.49637481665812766,-0.4663248877153192,1.5605758987345015,0.1953467954059366,0.6805389070747465,1.6958943659717634,1.1106279187684425,-0.24309660380733716,-0.05838296258242732,-0.966336825598875,0.12239306554421822,-1.8301548272161146,1.801055474115532,-0.591125451749305,-0.06906772523934515,1.617286287777559,-1.0370910027090525,-0.10954120228329765,0.8471767674895231,0.038147424885828674,-0.08910766121522148,-2.1054076796549173,-2.3658209232869876,2.263746864753801,-0.022412936795610388,0.42269669807368654,-0.11213456689231002,-1.659869048681963,1.195853100315253,-2.619998960212371,-0.5588049561110123,0.4387541190607577,0.8782144964941855,0.49961614801414,2.4184528876197993,-0.3639488496245048,-2.6385177205798724,-0.5372398384041257,-1.3745423761898072,1.5362240426281153,404.4751420045295
-0.2929596724420765,-0.4421606270861077,-0.018445219455261595,0.4741017587980404,-0.3510667087701991,0.3828279461408756,0.16792646156793706,-1.3977090806643853,-0.17806372422580474,-0.16141886448348672,0.6151346021937839,-0.7685058755153614,-0.07883718965422186,0.12197604392225347,0.5852113170788646,1.0466068438137828,-0.9840414515737751,-0.22291021809168268,-0.17585950548455476,0.39865283715039596,-0.7587208972640077,-1.6739707874437733,2.159507702546894,-0.6811152605626177,0.18303679078026813,-0.4754851251591715,-1.3749264712613178,2.5872968990953913,0.2664597730759728,-0.1635052602100872,-1.153832861523863,0.3829234556693926,0.20474240684317613,0.49897999692128076,-0.5524751130512717,1.9811433631462316,-0.7144091094152442,-1.964298437874933,1.535117631913301,-0.18543856777217882,-0.128665836428939,-0.5103109502940719,0.57467568763681,0.2825284986131866,-1.3601508799307438,0.1312509067769351,-1.6522665240771999,-0.8262480991156671,-1.5444551746663269,-0.13507738549638668,0.7996153066794591,0.25502146098756967,-0.060814203044959214,0.6629195252709695,-0.011129460627697426,-0.050808747553969684,-0.46313739548890137,-0.4388776978204759,0.8761835708464528,1.6246267657816582,1.188457889419851,-1.8815926948045933,1.2081986577507453,0.8765979675699944,0.6261965115714965,0.38815523514868333,1.5094121387394492,2.1482483532415175,0.546365782739128,-0.17085858843110127,-0.6319623593004802,1.6465825418446642,-0.3700614074109135,-0.4553407036067962,-0.17656296189867138,-0.33421773838645374,-0.392246206989025,-0.9024422221923262,0.0511041297428513,0.1221345501281809,0.393646557225332,-0.17219529415697096,-0.06753394878518068,-0.563902986253266,0.030113005521452813,0.40465258486636146,0.2535319119585724,-0.7158091685582125,-1.5148123210952857,-0.2564720156409254,-0.6167059505822603,0.20702832348173703,-1.4254675762884534,-0.10594359464777707,1.235673557139638,1.7321291277263264,-2.708918063561652,-0.7955696197455538,-0.43499408367096387,0.19680801686515348,-14.952174779146223
-1.4729492171849783,0.37867177372734623,-1.344340687824704,0.408363278437265,-0.2838744691155517,-1.8603553257378707,-0.1989461474109076,-0.3901484139366045,-0.12218910653422901,-1.9653956934856252,0.2302992417822972,0.31090443424436165,-0.4352456082717752,-0.17609848994114705,-0.7646720584243069,-0.4420310821489058,0.6385579455168915,-0.29242746417620175,-0.5969674144963899,-0.09278062403831237,0.05588094189397267,0.7790094463973685,0.15846046106026468,0.49753825681100333,0.7294461195272053,0.16786994483575418,1.3916757489882237,-0.41836970875798873,0.5105841926689122,-0.4504320885184518,-1.2482022372396246,-0.07160734916239865,0.13455007047349202,0.15179622611452173,-2.622998234056542,-0.5078654182829617,0.13734729675563082,0.3169571712807916,-0.8008634063966097,-1.145829287432958,-0.44249684021739566,1.9702811754511655,-0.305799771672159,-0.410354434905729,-0.41018346271240463,-0.32458411096619066,0.9533763715105817,0.2847720973685682,0.4790843028092188,1.40290092392547,0.7624428948402266,-0.6340766294149034,0.6218643689202523,0.8255712601199124,-0.5134195718040157,-0.8285400750038906,0.6707746403315176,0.5998193071711624,-0.8476267726025257,0.6928985014140802,-0.83856585709165,0.7779198683748089,-1.7954163693213998,-2.0589557717183395,-0.13072444196688893,-0.8464017424586103,-1.1887079235611289,-0.22613455244217695,-1.3406139138364297,0.04781643260002141,-2.3017251146101976,0.4346934488806047,-1.397447099158261,-0.45656897084695913,1.0907664606881613,-0.028415321372089915,0.5122257992484446,2.354000290649372,-1.7720602872539932,0.9927522103531286,-2.2021873573369675,0.6815291228621287,1.4439904716815846,0.30794754988457695,-0.6256225203118433,0.00657617499436066,-0.7363292567459565,0.7317520496546367,-0.10541682530701992,1.1106349722564566,0.03109631565942875,0.44430634816262105,1.327215301492816,0.32171295494235297,-0.5014271769908879,0.4200968970732997,2.6143886898820203,1.2959505269866807,0.8150349508245226,0.20724194090271517,-214.31769918459563
1.2781019991357623,-0.2524052018439396,-1.7425483050077748,0.6225321577468861,-1.772965760259875,-0.36352133106936235,-2.058620031579687,-0.9702968800397774,1.6208835228926652,-1.178325246620663,0.17938565964544734,-1.3869529209031903,-0.03533644935081018,0.6205166432581375,0.10886135408423715,0.40724354205064994,0.775032816571446,-0.8527503021828841,-0.7137218155360354,-0.32735378627552403,-0.3796978116745336,0.3084544761870082,-0.4619949767775882,-0.3938095204548218,-0.1706843146064855,0.3097338861457468,0.5393169660365895,-0.6276353655123125,0.7901833990688051,0.3625702792391911,0.07675520808935542,-1.2449862775339615,-0.12363355381870064,0.008593840684768027,-0.4611299059886689,-0.959706550670499,-0.5367756973256573,0.26885400170597806,0.1975550354680902,2.056967988649152,-0.12453712358831777,-0.49272875902014845,0.12378244358762827,-0.03081005317206835,0.43175727705023875,1.4585287779899598,-1.5674867142009943,0.961323008073314,0.2956090229587138,1.1586466923455794,-0.9052730396638757,-0.9731435527043586,0.16565258916864697,-0.5222283695977085,-0.6898139717637335,0.4020037266599346,-0.38591584178605237,-0.7474867140130157,1.6989845084972206,-1.0402225709172805,-0.6832017710860302,1.774516926575456,0.6860971264324726,-0.3690179309593772,-2.5310899157901665,0.4600475196589148,0.3502576913196757,0.7614273350969345,-0.23818656634052865,-0.038944837168946145,-0.9759021950941067,1.006341922134538,1.0180562826834,-0.008745572930618981,0.5472337386276546,-0.9522550510196357,-0.58009075203782,0.26371589535140055,-1.032941630453232,-0.902227761118124,0.32875425137970665,-1.5589349633574652,-1.7695869969396856,-0.6201861758892131,-1.7265299592389542,-1.3445658143754915,0.26096591302173344,-0.20877378394799553,0.17369943374233607,0.7400518503349441,-1.7586436576260025,1.023323753012884,0.4893239924800156,-1.291931122675927,-0.7024370888935935,-0.4593896415021286,0.03785607920581704,-0.046610869017440465,1.5687215029410637,-0.19933567768928792,-23.85754694476021
0.3201576547420741,-0.3534157049100391,1.437497858847743,0.42192875647991485,0.3397362856404252,-0.04679446438920756,-0.4757577563030058,0.8215385228809571,0.20218331392059885,0.9734710317213471,-0.3948333075492258,-0.46321702998618647,-1.1009114598826284,1.209951842482874,-0.848080798002665,0.05022468325239807,-0.7042359827446663,-0.9340176206214684,-1.1680084109846198,-0.6090302879991918,-0.6679443310676005,-0.4193013186400881,1.177828313277415,-0.36315363575739235,0.36038999240328673,-0.6360444763797338,0.129138552133527,0.8474755657512596,0.002815211972184049,0.6262043752234172,1.0390701899643338,-1.785455014966724,0.6504646173869436,0.27288121963795087,1.0228841559326356,-0.7459988478312264,0.04087879820167418,-1.2142169401591187,-1.960777730860685,0.31805711205181736,-0.94873302392554,-0.3304941961560896,-0.3865561890588032,0.9377899375788622,-0.7369558781347888,-1.490867750541922,1.7107369027478094,0.5277555686075869,-0.1563780601208157,-0.011669419340741153,-0.6524201533611859,2.064358426043946,-0.20600610394253357,0.2673542474052439,-0.3659668934091094,-1.4757032008525655,0.7370049639732414,0.2953941923900371,1.1671433649579472,0.7434512316059054,-0.9407883889984643,0.6958867657545406,-1.1741395708470117,1.9199720070160096,0.15780962767623208,-0.2799049123033088,-0.0086169683794143,0.13227974300216072,-0.18275515721684596,2.090992494479995,-0.06586789018167057,-1.020297636349489,-1.7216987955632146,-1.1466463351588576,-0.8808097878235903,1.4128462882312742,-0.13428931404529046,2.1712629653038893,-1.1719359459137064,-0.01787589181802754,0.5185697688651377,-0.8061223975356144,-0.6954122838402124,-1.2081967235912972,-0.229324075929107,0.5152652057569136,-0.1552356703252609,-2.6702854272690604,-0.031747779986952336,-0.5172723788415788,-1.0539040888308167,-0.6721386887103691,1.1820364495410765,2.2740068599198247,0.27941053852838454,2.087046400619039,2.207375438289785,1.7356089513056985,0.9953071872305468,-1.0001214815988304,97.46252748198904
-0.11340204786402118,-1.0940074269462823,0.39320077617289556,0.20725026182933537,0.3666936553175856,0.7203855687191095,0.26750567169838063,-1.0240435879192682,-0.8822324237250763,0.6259596565787062,0.9620465681070569,0.44501151675045697,0.4773735563439773,-0.046927716141161986,-0.034055423462267094,-0.10884394440247376,0.6737981609916137,1.9716579276762018,-0.39499261360600413,-0.22208538036769235,-0.36125379448448075,1.2681977228056205,-0.12986290077536247,1.4391498906817972,-1.7474997775780372,1.128217016287219,-0.5621312485614599,-0.7516452638345696,0.2936156529938672,-0.41059879304338187,0.7358522128004478,0.5846455262821388,-0.6322336320361926,-0.589954414595331,-0.15946977968720627,-0.08641168635760761,0.7794438124517292,0.2793128253565473,-0.4610917030976865,0.2895127430482501,0.6384375314838998,-0.3156777937764784,0.9718295988898162,-2.6932869251289087,-0.45462121030846986,0.6806028181623339,0.5329462815209625,0.3990014083690994,-0.16678965252276268,-0.5300322289292827,-0.8679133153191121,0.17582551365899426,1.080582270795426,0.8098573700638357,-0.44387900127626806,-1.5014163598798302,-0.3557640671241795,-0.9833058052939181,-0.6933141324855705,-0.44857695923094854,0.06640057298171087,2.688421993462502,-0.6634486977143625,-0.531277520315926,0.5062626289298174,0.25611901109144286,0.15489569099303852,-0.23855432071349228,0.009647543728277494,-0.18172038164596824,-2.6504522346737325,0.22066945123168227,0.5244834976392615,-1.0596327350866177,2.356855269617634,-0.6266029744336347,-0.939408063647058,-0.9763843061468,-0.7338833091077538,0.048035236211875346,-1.275028777772626,0.3553082163900688,1.3084158389882221,-0.689537749635503,-2.247467830998299,-0.7626859041249692,-0.03711293687910948,-1.1937994169921355,-0.416648990226079,1.4021098144300954,0.9246121400935808,-1.019158983660127,0.24079851203440467,-0.4793665439784977,0.8134288781246415,-0.8280870175722047,0.17777701508061253,0.1364615226939838,1.4973436390266217,0.8863138757501866,219.24445691781352
-1.1494927263581027,0.2877170002145402,0.5591019127722735,0.19358592673605973,1.2276554051449406,0.24785581155743808,-0.06085482036248173,-0.011815959204215193,-0.9351574335057072,-0.28801949652965103,-0.26031555754814634,0.33857670821568026,-0.44527524940512303,1.4611033860076579,-0.028171733202616726,2.2910533938481357,-0.971029506109201,0.8464558006025165,1.3570330907880759,1.7079099999607343,1.4178233474420499,-1.358327473135339,1.756517610576716,-2.4249563798416713,0.14792524599208237,0.04474328345208519,1.1134492746467886,1.5444493228659784,0.867418551353697,1.2159806133726185,-0.03788663841820044,-0.3945976963516239,-0.2636801761002843,-0.29967172274463955,-0.6797728592770823,-1.058384585320894,0.856606321937009,0.5639291709664326,0.09712878864695308,-1.0397684775094673,0.5213619374545384,-2.4730816018506663,0.7866163540538621,0.8275799470537208,-0.963971358403072,-0.6462264004617115,0.24243222430210978,-2.6251436768160836,1.1933503421755212,0.47600819774306524,0.23474486304772843,0.6984841223615695,-1.359894533702293,0.14777875463834253,-0.033424392659153083,-2.538804591236204,0.8326162207359314,0.653587300759069,-0.29164557107769357,-0.4198608328819327,0.4387670411221549,0.48290595429298633,-0.3243083746191598,0.29822877422869226,-0.4419615988050983,-2.466467528724845,0.6821920076103823,-0.21995846073583317,0.07883889320660749,-0.9339404516297587,0.5637134489052729,0.2674096742367775,0.165508148508128,1.5205897980621892,0.5795923543069849,-0.3687058867978176,-1.8921111603095842,0.15189310620819277,0.0743264092308364,-0.5995801645346467,0.48719351869256855,-0.33709430155148995,0.8375338983160889,-0.2605899468720158,-1.2388323604365292,2.062336754474382,-0.4916406749654217,1.4866061236601864,1.3194120725387468,1.3415676027705699,-1.1933712287378886,-0.22673515712119555,0.38869216264709167,-1.0166566110018138,1.1880549426078661,-0.5901749469002727,-0.982954362908513,0.7932404427147632,0.15397790643111597,-0.1109872035681785,15.268921447645358
-1.925553295766998,0.028394366533147683,-0.22818601576677336,-0.09833645451105492,1.6875258744369883,-0.11513548340394983,-0.4578744525416479,0.048263260486470054,-0.20185975612635337,-0.15285631148331139,-1.0472275803939062,1.6285165038636773,0.12901672353603064,0.8845435663664182,-1.3820560816841378,-0.8743768775684692,0.6045040230894531,1.5530126762567789,-0.267124974379007,-0.15313164765235854,-0.1942551968767605,0.23689687099284615,0.12521813954298244,-1.1288328394676115,0.3195650375314276,0.5317140614575181,0.42621469388720756,0.7880640339116748,1.2629283609308597,0.4931556406553399,-0.278628587235585,0.38661653402264107,2.3534002916223646,0.665114504432256,-2.5502573568703815,-1.387349235775016,-0.1901745161792598,0.6591793690894423,1.2084253978707646,-0.1012368222465501,2.2548726385983775,1.4770178431939143,0.20652485728436776,-1.9203096639979529,0.3913596602768697,-0.28811146480226063,-0.02082422124517181,0.840806066206358,-0.6957412064446019,0.5307044867737226,1.9986741050214922,-0.0665494551124664,0.0037270414772135984,-0.19831528081236666,0.08819566339557082,0.9373048016331036,0.5143310469478197,0.6403148352494862,1.533862583270398,0.020941350897830606,2.5045182149154557,-0.6054001868834763,-0.07461292218845962,-1.5815147083471333,1.139285690183304,-0.7817933363783335,-0.10740366215436381,1.4098586555506138,-0.8205507274472511,1.0380205952082835,-1.2186520495671394,0.8351163566473705,-0.1857166067780169,-0.9595159877907108,0.039517989341467226,1.2352210122874807,-0.9145708183749309,0.1369646402684377,-0.10873365209991227,-0.1391429718523703,0.47150359790308244,0.5115062112848434,-0.09750880785736123,-1.4163310219147343,-0.15090149275880296,0.5830934603679282,-0.6801708956307401,0.012153919254189849,0.07812526080009251,-0.185775492962454,0.20193093267680773,-0.18030161935884872,-0.3290899080953394,-0.4562537390824128,2.6965983621061342,0.3105840415633198,-0.14362731088093952,-0.12248376642517635,-1.4854933754503836,-0.40908834199915006,-388.3741245817598
-0.43095195828601535,0.498573139068448,-0.292154439304736,-0.8451727897439915,0.670144535051531,0.05097919963495957,1.030110903893598,0.8094019824680985,-0.18962516661838452,-0.9178865792923846,-1.165527716489278,0.15322898310780314,-1.6155371875109676,-0.6887352814081905,-0.341331072615131,0.7724192332432597,-0.7460398321278511,-0.32815633871826877,-1.7206752435712853,-1.200221682360167,0.36707720855237,-1.335621065044925,-1.2177235135824092,1.3908189502818724,-1.6272650500901302,0.6031381894571594,-0.13659898511500984,-0.09174776570232246,1.5409530590918898,1.1891790873678647,0.5734401709765363,1.3892812728691555,-2.232386547326517,1.445261408811464,-2.882706961445317,0.25663302364063295,-1.0717372479507337,-1.9274644919052633,0.34264923714760726,0.09256986356747988,0.3930503755584193,0.38784088553171675,-0.7038901108381496,0.7753836941153889,1.5242137857760534,-0.021256296529269778,0.08923973889380746,-0.37156417337755415,0.6837149848961839,-0.7256342845228699,-1.1449611623910636,1.764253433444729,0.714833208994853,0.16685837839008896,0.6309313940369528,0.3937797744181971,-0.01938293329654341,-0.28594688442816235,1.9038489668400493,1.1546036209965835,-0.8958913800421925,-0.0015175637027002675,0.6229609184446654,-0.6978312486264743,-1.8633567763951404,0.010243689485550166,-0.44285476770329385,-0.37931916342316463,0.1317638253882074,-2.2437113350677484,-0.8067885252554737,-0.17478418984985153,0.0517820702426108,1.2362495814559245,1.1016988811642714,0.6086402737268929,0.022593357142814758,-0.4342776912021836,-1.426362393785442,1.0567788122808512,-1.1542087032083526,-0.1640850911046154,0.47292583886917233,2.2822602074935694,0.23432754019414084,-0.9660009907093055,0.7929549834628986,-0.08481776298345582,-0.11285929725950938,-0.4382928352780743,1.0042788612311762,-1.0612834822260968,0.3093687637932773,1.8789462505705699,1.489065461508322,-1.7837531890112381,-0.35576705342180315,-0.36415780478743315,1.2570935112734885,-0.6282576711687038,-264.18470247951365
0.08116091257818721,-0.35062617963783066,-1.2932847494126785,0.6005519532494779,-0.3751573278452847,1.7148625001285567,0.76910412518802,0.5821799195877999,-1.2296931784107001,-0.9559956844425971,-1.2199535462378277,-0.7420999638610812,-0.14568906874474233,0.1359436228642496,-0.1196369750595172,0.6256653668759659,0.6850572420541255,-0.6506889123977244,-0.5088287557897351,0.6769395236495148,1.3094815757330154,0.13905024064751964,1.8085887576995656,0.24914614078747757,0.6216762538222179,-1.009810671577921,-0.569560775362397,2.124143489234136,0.5840440135541953,0.30522902282106895,-1.0607436286181398,0.5508458404644497,1.3952976774167143,0.7127902855538256,1.595963574650343,0.5910162353618224,0.925016725909258,0.1583679549597472,-1.389192755612594,0.4097371187991446,0.26499358711509274,-0.42793535298259594,0.13263472771763857,0.9522990324586283,-1.4470702077264261,-1.1946040566898763,-0.27491459205891233,-0.6378764651688554,0.8754505300740067,0.3793184877042964,0.08588865237573667,-0.8015710663804869,0.10139620091769083,-0.17768013762823975,0.09182768707628867,-0.9619771662731992,0.5526482027518547,0.9037406124909744,0.42626965309464104,1.576293674998959,-0.8722526810601693,-0.697134318921604,-1.1131685893809773,-0.8643529324600047,0.17200764344877784,0.7849407447470107,1.2255547546338552,-0.32340072246275137,1.9959740186159076,-1.4276924240568643,-0.10583351367306054,-2.996040435882754,-0.541515688213219,0.07083308808991323,-2.2651828738679805,-0.9710791415570056,0.4263106895463428,0.6300527981279559,0.09064840954514486,-0.2415969743001022,0.2390255719842826,-0.4333238274799287,-0.2202290829407706,0.20432105761619923,0.6165268664300058,-0.09938202934711109,0.01847905378256006,0.7988023669413109,0.5537154457813065,0.7724974076505099,-0.9065832146270103,0.15249358091010215,-0.09305645780606238,0.13605998736682332,-2.3199086920710883,1.0871772664572303,0.33036789373121034,2.2235067686433245,1.252274346799603,0.3625273754249183,154.91561098459383
-0.517534283462102,-0.8904363482172912,-0.6914410071110838,-0.4479673108727571,-0.5511154554904607,-0.7482745505525762,0.1138369648531027,1.3151002502541387,-0.6343200784570828,0.3857733677400887,-1.4773143721652209,-0.6011646502480059,-0.6082376795687007,-1.4632676063439223,2.180562679232864,0.2388967929562789,0.0056512245756477715,3.0254237184361354,-0.24851448183384486,0.09813664843488117,-0.46140313870239913,-0.15371425840784178,0.521183920873961,-1.8554409599900028,-1.1816340773239562,0.07260891892385228,-1.08025139417708,-0.27033883165898565,-1.2468592496260857,1.077461747978239,0.0958395404329408,-1.5354164491722189,-0.11160191212250434,0.21633653837909755,-0.7608349325343674,0.7425164437927677,0.9037185678243171,0.254886877397946,0.6413457909633102,0.6763699185014901,-1.8713449096662294,2.1761092500646475,1.1477115178234931,-1.8945449555298743,0.5985255201916695,-1.5425179314976007,1.6780979398977185,0.635352488872808,1.299792899371337,1.1692728500038654,0.45715303715959005,0.07216069302044809,-0.6381631614128425,-0.24935625499364625,0.2817178096507075,-1.5842121649574956,0.13060818960190737,0.6054673842293178,0.7506680205990437,-0.38405711760697786,0.9452697305656318,0.8300016025015174,1.1002517354549095,0.4579400194900605,1.2055439657623461,0.405053294687022,-0.31512279280903055,-0.8292586257621918,1.1531677634149395,0.07030809297612758,-1.263340550431683,0.1136159999992562,-1.1867502732703616,1.3156456803085919,-0.19488016412555467,-0.25890769588569174,1.1979203982834832,-1.0734385228191166,0.6569334731911021,-1.2118980467150615,0.7978746243073909,1.0167062864217817,-0.05570691890466131,0.8165980400222531,0.4442746680057607,0.23749427346174987,0.39799189505487853,0.7552621971308949,-0.6838830247658841,0.8775291432181169,-1.1020958964473397,-0.6814626156530138,1.2521662433655754,-1.8622119859935669,0.5058882973770218,0.3184600159487214,-0.6698864696282445,-1.2801110483237759,-0.30508439367230505,-0.7050777097952321,-77.62697851700946
0.4137820393908654,0.5293497111074296,0.8483051118602362,-0.037947998664208206,-0.8261079698661864,0.09094193770807317,-0.7752709356742995,1.1458968521128752,-1.0656348192548677,1.1190708427145335,0.35640921329620284,-0.32024477514902605,0.3538808251427184,-1.4418254311343328,-0.681829218459467,0.36244323537479306,-1.7654612467503212,0.3493221009510999,-0.7405387841676903,0.9338779359679273,1.0507634104476673,2.0123268277585717,0.7806296044467971,0.13840592751157862,1.2591583037711134,-1.180506904627024,0.36088631056837783,1.143520119852312,0.7744684032998853,1.9671119052561803,-1.2944275215935974,0.5755380540204492,-0.8532871910107092,1.235029282089677,0.88866122972241,0.37880856902490945,1.898569121758065,-0.7010344161660746,0.6935459405122871,-0.9629379550493343,1.5271839414092947,-3.0837264912121847,0.5425009964584323,1.293528643291201,0.16401935759510258,0.25492185871716205,-1.0344130280027284,-0.8587914130058955,-0.20651931785778863,-0.26666688909076575,-0.9127554588291128,-0.14910667878499573,1.8240451160986557,0.23193423502178107,-0.2583674785814804,-0.478203896575571,0.4396110873934375,0.43710979491304824,-1.0466827288297087,-0.049457071109170934,0.6307543373376944,-0.848619734291721,0.7184538416703453,0.19914937886329678,-1.2248454771074777,2.0023137667956448,0.23863333035485096,-1.1979021709127342,-0.7846533331584171,-0.8233141702445628,-0.5152375097929817,1.5271655871826246,1.0944244050353988,-0.15963503442049473,-0.11193639755893371,-0.15574075456142009,-1.6593595058301138,0.16409989931934155,0.1900598111960926,-0.5334887432496072,-1.0891330142813462,-1.2500047928976241,0.769488596770999,-0.9189733326844984,-2.1756865927735705,-0.18741495690953733,0.044679281022303924,-1.9410655530754914,1.5985064753239282,-0.39108430980057973,-1.3113939360221583,0.8112734483889599,0.9070463152516847,-0.2868101311198405,1.4922878945507776,-1.8852718479033634,-0.13105491504368963,0.3395151523757847,1.4730954418317166,-0.5111061054626813,12.770445424216533
-0.6675916662950105,0.1314525655499759,-0.07839776803048062,-1.0288504246548018,2.115129775012648,-1.3810194471119597,-0.5621850546001275,0.08182238345045614,2.061737706699589,-0.03776312304893801,0.45292597924294925,-0.6981128523823669,0.7590655914880708,-0.3514608296317438,0.07617047688218423,0.7873507311491246,0.6006026993474642,0.14660891145867605,-1.447360977639428,0.16110217779383781,-1.1794854114205497,0.14540904595579585,0.9720788481765439,0.12433999072203314,0.5730567607691549,-1.1850620846385154,1.1171583067463873,0.5986155338362313,0.6362162771184613,0.5459944519242815,0.8750106936873919,-0.4178806799672517,0.7710338114445912,1.1132302432249968,-0.248746744620558,-0.4573243283471464,0.3241436567352194,1.275679734265269,-0.3360078023351,0.6732236260008482,1.6103588836889575,0.7212126015691501,-0.09961552970450072,1.5767227595126876,1.2650533979924814,1.7645962325529263,0.0680832675640674,1.2958292018183744,-0.3369180164361443,1.142919173067674,0.5859963077912906,0.6470676707680655,1.5478739881051653,0.7208879516114619,-2.0924837343839218,0.7617393954018575,-1.1823362696446522,1.191276958394911,0.5295733268977839,0.9274898326585448,0.22658273281668717,-2.597197337121436,-0.3207355018239198,-0.6806698635298204,1.7548224049938432,-0.7673097238072588,0.9619552466324255,-1.4129631280849748,-0.6762131490593155,-1.132184542697974,-0.24480450314766017,-0.7567520074551705,0.7792520692644935,-0.45793690190491587,0.7029871461791153,0.47851512596496887,0.06381728061761237,-1.4784406596964546,2.349261284859054,-1.0252556482609725,-1.650694978917666,-0.06230665858256731,-0.0005356241168737265,-0.6694212734249242,-1.0436732026218944,1.9653428065512846,0.3264138851314046,-1.4920508210970236,0.395089875120333,-0.7106767556309854,0.6551125133361699,-0.8700294939711168,-2.0183179328830945,1.0803626282420147,-0.5320881731236629,0.18604663844579217,1.2284284526555553,1.0516514984670955,-0.3818945659028506,-0.6080602646727128,-205.7739781212307
0.5034841312036954,0.780388428549087,0.9376369564055124,1.4033753036459449,0.9117600685077412,1.4411814882149192,-1.7219825400069295,1.0856768631041318,1.3064096026465728,-0.16913390094000497,0.5875529352546696,0.9527212027659508,-0.4132860979504408,-1.4909530401500377,-0.07397413951306213,0.45618859326238137,1.1620272904297868,0.741038350946517,-0.8465074073822515,1.6474999557670535,0.1855629651235896,-0.06136590345246549,-0.6558836808462437,-1.1103303548491616,2.3598578459770952e-05,0.6452228721908277,0.8237811669635288,-0.18097452598800393,1.3831143548836637,0.25337301346590607,1.1693964408685884,1.3085852394031705,-0.7196088157381714,0.7854151725486671,1.3034179242793675,0.15019626969151811,2.233659645361415,0.43727277759608113,0.4588075490679312,-0.42011940417985455,2.1791009686763085,2.6803008467021403,0.6835161376477208,1.180702654234874,0.6234372967207145,-0.6364262418038205,0.17984636618596453,-0.2826019110140463,-0.6174447145532462,2.1939437320694526,1.675712571453741,1.9563785557885869,0.3580020318549217,0.6512680364949891,-0.9471554859239929,-0.8297000999650143,1.0725013957286385,0.7018777757116859,-1.7043483896972906,-0.5166760128486654,0.22824683661267084,-2.3188918058184402,-0.9697643734560317,-0.1796495578190073,-1.0345532417626984,-1.302668832838684,0.2989400850357887,0.5967480842457921,1.194682804771371,-0.1490833732771458,0.012519806360313449,0.5494558628230313,-0.26353393086186716,0.41951055591567565,-0.14813507783616672,0.6160717667393159,0.8321784906692813,-1.384251595016707,1.4184187714954395,-0.4236079998121773,1.061819352641697,0.39027312795738744,0.9517445264833017,0.3359612794361495,-0.3097624739046501,-0.5908257749353475,-1.096290533721558,-1.6243138495947473,1.1391332970040946,-1.1489277660311585,-0.7891954272812545,1.0562711292544968,0.3324733240675857,-0.3208039074180931,1.4011590609026832,-1.5512903608526332,0.4476206959259547,-0.11805844574045567,-0.08691586218732998,-0.49519852159271904,-76.03495632533887
0.1897124014102433,-0.30990394511834357,0.013210806196069923,-1.1556894264996493,-0.3220713922893335,-0.4534864721526509,0.31550387319825324,-0.5139004710933884,1.998552838081889,-0.9916430380046644,-1.341583755964297,-1.874152403905407,-1.216347918124608,-0.7938525945763208,1.5530970848571415,-3.7666728772545466,-1.130523636155622,-0.9077428915927339,-0.3994784885994695,0.28311227172777836,-0.7643366322164497,1.196424158291214,-0.3556293903003181,-1.3523318239170945,0.560919698353566,0.22979545197966927,-0.31392761000110625,-0.6292262830010366,1.4853993623059172,-2.2133958745096605,0.38354253403177474,-0.30558328411914293,0.6673157603465921,-0.3687577397536569,-0.0426696054192774,-0.5414098831950136,-0.2834791422455483,2.2721377487798717,-0.7544958208367968,1.8397614150887356,-0.5599962734282121,0.4792579311879018,0.6086254221837639,-2.044687483307202,-1.0946870225845058,1.9021514677572011,-0.6694461352027122,-0.5062580654179298,0.2076123781430698,-0.9826431741530242,-0.4155302515993684,0.6384120173173682,0.8165310566970797,0.939906872374343,-1.3860881742721474,-0.93187163489547,-1.8435856087739015,-0.5511019000646602,-0.8650026701847906,-1.1618495154462667,-1.588467083267014,-0.471426412654439,1.7128070546134853,-0.5607883302361771,0.3705273856914674,1.165582836232431,-0.40091893925759237,-0.6005398652974349,0.18985866345542882,-0.1901762315279706,-0.5298281233379648,0.5174133476657536,-0.6349844231269979,-1.8746852950676285,0.36127431624372014,0.43049390123124504,-0.4409373278485651,-0.3667580427329007,0.5060920824153363,-0.03752215784021664,0.692877537735715,-1.4886636477965256,0.5832339896630185,0.328275417089156,1.0584430290818403,0.32897737015532574,0.5889415806815774,0.0091999338098223,0.20386506292599219,-1.286069691421231,0.2926812569167729,-0.1116519287103952,0.5646699231349146,0.5945864359134233,0.42227650700758895,0.6947610090859576,0.11464619074129911,-1.2914135347147395,-0.6258035092829988,1.2461106685538101,-129.44360740866264
-0.1595694138011243,0.41463789014348434,0.2880310275955836,0.8702107272704827,-0.7600059022025878,0.11678342182689559,0.42876811180834506,-0.0955951823675027,0.775928249357845,0.311083379344454,1.078441733555691,0.3480740209407814,0.9793617682503759,0.033111090113640815,-2.060262551452113,0.6457490662970283,-0.7368389650689698,0.04274679626779548,-0.9306446782969628,0.37733862568486887,-1.5813333843894992,-0.0024947177862291196,-2.051966855010783,0.5722335880501839,0.7319515646006519,0.48129367505511517,-1.2156259074084583,-0.1556362121347653,1.7771424863764482,-0.3676408114286881,0.3392322302615597,-2.0873404573240317,1.9512170635341035,0.9822769696105025,-0.5106358997065553,0.32395736702556144,0.9003305240477362,-0.7566175955665809,-1.7656075328474818,-1.4893924119467221,0.31121338280544114,0.45611820489028904,0.4850326180869681,-0.9447032219434693,-1.8248322239963572,-0.5002356057812941,1.750365343636907,1.117166164690495,-0.18862515302741104,-1.2231672646965255,-0.005437140331247439,0.7490341917732481,-0.978554635341688,-0.4989647922131307,-1.1640043338853636,0.07357065756532864,0.9323788193557254,0.22857788337543247,-0.4738629219937966,-0.4899394750195948,-0.8558928754217047,-1.2755507852872006,0.4600208029406341,0.12479952463076842,-0.670977224190391,-1.8170828825433185,1.489768689965604,-0.49798636157608844,-1.5762511528212055,1.454917226622516,-3.1706662671496972,-0.5934665570596233,-1.0567323405766718,-0.09698615280447118,-0.10081762628758917,-0.6025911926127775,-0.6695304361413633,1.2590751061502448,-0.755640768633877,2.039774083720308,2.3692459791498,0.20392264799619747,-0.19640804298894554,0.6127234279421825,-1.230233445298299,-0.24681043999946625,-1.9986480192593878,-0.054293222095516236,1.4314586986474442,1.267403241269896,-0.904694526480125,-1.005053698692443,-0.47675235245530134,-0.06948904999100594,0.9953294216229386,0.11044921544774075,-0.2508417861090526,-1.0770695310398415,0.22337319073315934,-2.218666389088343,-66.74512073656291
0.19954802152547454,-1.3117706518070653,-0.3608268453283644,1.163870726803775,-1.3855618468892683,-0.19893374195223937,-2.1903715025708124,-0.29045507800753095,0.8178169922811525,-0.7778245418657408,1.6075144652446869,0.10313749263048937,-1.893027013226471,1.073753956730437,-1.0837532207197658,-1.692371683917501,-0.5530539272411226,0.33180549672057047,-0.4291922093684201,-0.6534320340679954,-1.5212853411057206,-0.7770096959229921,-0.15487807429104455,-0.05620345538866958,0.6188355573830859,-0.693799363243052,-2.670050961970478,0.9798138118419447,0.550176051311069,0.013409326398509776,1.2453336738588963,1.0818907901322712,1.118141274825802,-0.6536730289084208,0.04022735050152072,0.09891678648283328,0.8341027509073107,1.0284595309146114,-0.6810701452623682,0.4932692420470802,-0.5304525306939226,0.2793183015167291,1.1061901599499286,0.9914844061070115,0.046797666302537,-0.1772151140995024,1.0321837900989863,-0.9369742414263614,0.8624876498987296,-0.39290599404237214,-2.884605325506342,0.6744247273982197,-2.0119347974077804,-0.5148065953506625,0.49152086442266485,-0.6771167775059437,-0.7859168461179191,-0.5617649648504429,-0.2528746062091784,1.2346021049193998,-0.5362139530670513,1.0132177755491665,-0.13689241711583577,1.5189918410094687,-0.1688709984276915,0.9173156909715062,-1.7498723960208233,0.7272494941536995,0.5707785563343432,0.1661889727512327,-0.07276124120581594,-0.23437665015914488,1.0534298240049216,-0.9941923313108832,-0.21797615928233505,0.32129888867211037,-0.31807693077242344,0.4541742413959854,0.38937418490615266,0.933888941730533,0.45071238170126954,1.4554030208073931,0.037524547059773934,0.18259425080739147,0.43357173620896683,-0.9486196625301501,-0.6507633726963726,0.6156062638240596,-0.8285654913606564,1.9168871525002795,-0.9913275161986049,2.3990916622381735,-0.04285132769018948,-0.23104676157899554,-0.49764959603189046,-0.3556689414747342,1.4972137864233284,-1.222788678320988,-2.0981300617531393,0.2716953412071352,115.54482847354151
1.2834607741633657,-0.5805353851745495,-0.7320469127628952,0.8228898678792891,-1.0423013189853605,-0.43499389275308925,0.9219509963979436,-0.9858935782611354,0.3013602253159242,0.08991242933221101,0.1722824017416383,-0.15949767405438792,-1.5609578893940346,1.3349783640536712,1.448626282035898,2.3713667343495812,-0.8550949373523864,1.1793333003991022,0.9217092187191526,-1.7741427178014715,-0.40409402921492654,1.6073324604237702,0.29198336896609045,0.5291358002217842,-0.27000924654044917,1.2519087839878738,2.1349853241603376,-0.02372018532441592,-1.0909377087024152,-0.8829694980411625,1.3573523273939359,-0.9470948303092149,0.8596984937117909,0.8125057975257843,-0.3030338308104498,0.6811240175504347,-0.6163968579343879,1.0187928035417182,0.7362105981881741,0.6897412941376135,-0.7016380184191732,0.35406730186965396,-0.9310023959072624,1.2192953227322683,1.3206368227638243,-0.9311298424318568,-0.8460072208236347,-0.6539265621011598,-1.8099905510137388,-2.9347630247903846,0.4775640583881257,-0.6689776609893527,-0.7615119924995916,-1.0348567621041544,1.0891664402898944,0.07442212082276027,-0.520232784850234,0.018951312827398717,0.4371097664706806,2.248431869414163,2.05782934346198,-0.1781809005405442,0.06838927301226318,-1.2952541468455359,0.6820233912715995,-0.6129513220257977,0.24205688209341025,0.8617670763491685,-0.04805533437846512,-0.6945553800876961,1.083500201011591,-0.2928417948988237,0.9892925219836136,-0.8574687928435512,-0.5462670923100554,0.14950691650730835,-0.37671829801730267,-0.2662133920381338,0.04318572688411644,-0.1560039435138136,1.2836862810654002,0.2725028924864459,-0.8782979036214243,0.3432903786438983,0.771573635284262,0.6339572661822149,-1.4528960980083914,0.5742548657481965,-0.4790297951236222,-1.3436229175395564,1.2908242576616102,-0.5767914069408384,-0.1867444608829001,-1.5618037818015746,0.2728035214103968,1.5300780299358656,0.1482490954976401,0.5257178998887867,-0.58759329016625,-1.5835031484734963,1.2939586546439443
1.3339962715689964,-0.5888788757145228,-1.3774712499883786,1.2898001871786076,-0.8879681830303052,-0.48569418278706233,0.9885135630046672,1.1042949907973152,-1.2268559906363155,1.2471588574827617,-0.7214510726742974,-0.49932009759505736,-0.55684287937538,1.2612686809121152,0.9624669108373095,0.566030967976921,-0.25524491667520716,-0.9519246881173012,-0.047417117868685466,1.4377581382385405,-0.7915633650824431,1.305433699044384,-1.0247051361576642,0.4187186816426904,-0.5292044100359602,0.16171818529611998,-2.0184909972321927,-0.806818498216669,1.1286873117393486,0.19455047316088842,-1.2535794940026892,-1.707802038998315,0.22254099718398854,-0.7061300686824478,1.0711849438024774,1.402457492958191,-0.3863265995456676,-1.438141761646733,-2.298244047657608,0.5754365499073811,-0.2576075672702554,0.7030642087358983,-0.6272090423507068,-1.7410995732733583,-0.6467281327918839,-0.44381632303163376,0.16356014875765287,-0.4745040752975171,0.3008881336172351,0.22840430726311023,-0.9589411215371487,1.0549529368513237,-0.4998679592698803,0.337544593796432,-1.1182463350099194,0.9808625525310292,0.17206792542406824,-1.1008277884334892,-1.1284572624719662,-0.04429369779437895,-1.9937683092893241,0.7013935297936238,0.7124956937235623,-0.6386590631330201,-1.7342355285083906,2.4759777554766598,0.44616376429194987,-1.4849629530794746,-0.6791868191187292,1.261627454253566,0.09630221430560695,-0.6665474430122212,0.4700955418829904,1.912985766397788,-1.0684274052527705,-1.1349937784827662,-0.41633747110364405,1.3244420032961068,-1.1278061940586577,0.8160587759273171,-0.873187252602863,1.4149432891668368,0.16921792130204888,0.9290150676123307,0.29406994274709586,0.913275592839206,0.09162404506486528,0.38222283292043846,0.5234368262191119,0.9448483264938241,-0.07215144606114618,0.3407682120571102,0.40438837650204407,-0.07941541837781906,0.8267353738533861,0.2094360727709676,-1.0458339531109158,-0.8046349736973887,1.022776703506171,-1.2925306322579435,200.7775542343472
1.926683591237446,-1.4797970582867446,-0.6572327179907388,0.60948185177614,0.06297036348453051,-0.11709656837096265,-0.5222793922189967,0.22103179115677196,-0.47094841430316925,0.7287573136811925,-0.675319925545596,-0.2779869845925528,-0.9442348893446737,-0.294000897286531,0.2613975234206573,0.7734599846515062,-0.3137356020485347,0.3165605499166374,0.8349936461266905,-1.1488515153132994,-0.28131282120363965,-1.1197618814943708,-0.6664365778556915,-0.2353548917412713,0.7871711590255773,0.09971385250910741,-0.10022143667253938,0.07183492764602231,1.0769731339137485,0.1774818396333821,0.018992578048320115,0.43206429183693174,0.2845514835410667,1.8064770428935992,-1.0293931398644496,0.5400091945295631,0.1012214343486941,0.3233856856796796,-1.0383609689733457,2.884456391849422,2.3404684232761204,0.6829547743555816,1.6024222830682353,0.4225539911849295,-1.4333241213309558,-1.5966429352245073,-1.1682585322925707,-0.4921989836711213,-0.0015367824231585015,0.018001163196206413,1.7840940064204502,-0.7819013649084011,0.2386017128428642,0.02490378173590617,-1.9550082785487322,0.8434863709892297,-0.14169576792155675,0.03177448612972941,-0.1817201126295357,-1.2047951521314721,0.14015350080936545,-1.059625792212801,1.4861859976220637,0.3472029841326586,0.09795737149708497,0.20609242836541913,-0.6475173844099278,-1.0279133087817383,-1.1249864887823728,-2.280707172533509,-0.31043612128358766,0.30244023478955095,0.139497181026105,-0.9392737234072335,0.31032846727589225,1.4709276619934797,0.6176127956060972,1.6029967882713305,-2.736636585172872,0.3485163706638442,-0.07835324978473625,0.28925041182930306,-0.45819757604308764,1.4299298128919715,-0.3416161968814587,-1.3903463760279244,-1.0317234143945655,0.7650623158856429,0.48666419448082715,1.1885228298808226,0.6478565261011493,-1.0867244695922,-0.3426496544049039,-1.5767569221005304,0.27978297092901083,0.42433615519337864,1.342553254849863,-0.4783084572977552,0.6693562348728634,-0.9522803510584381,-434.6981444015898
0.22018192538566703,0.6782030457155775,-0.804229608599643,0.22489614114401077,-2.492997111420178,1.0396568955127103,-1.0780462296262958,-0.2711084321334184,-0.295674653266987,0.7618044927206234,-0.37319791757209886,2.0017783020464948,-0.0734841293701732,-0.4218185678388376,0.3718883455518117,-1.101268948470342,0.9658461328393061,0.5875834434771454,0.7410202337138585,-0.6501471202336203,0.1602594442807642,1.5355299623191567,0.5408501707154371,0.5678265524308576,-1.1669570004347989,-0.07970851396165825,0.9414957611947931,-0.5951897282341021,0.1379146879877475,0.582944468603866,0.1541115949509482,-0.4522712601329686,1.1168496619813602,-0.220203921864476,-1.04424802804201,0.6120868296408215,-0.5035404075889574,-0.5736756082098383,-0.12937077812821465,0.7748242400126197,1.1937380257769115,1.3347509054480806,2.005542499702256,-0.9102395990610616,-0.6849528083021655,-0.15134272427446777,-2.187603456058866,-0.9382749851137299,-1.3298292672311374,0.6235774086153372,0.30240771004329037,0.16758242499648732,0.34400296670780595,1.0686786815593408,-2.767196599528645,0.34703819890630716,0.179707377495965,0.5087154156733295,0.11688310531574717,0.824021237390088,-1.763588899027641,0.44916147826586555,0.27563725349011986,0.9634264593273935,1.1900099535108883,-0.17393526742209062,1.1677555869764822,0.5237052150090931,0.5280038221105976,-0.2984122421416287,2.3204685674525782,0.20263091089345134,0.6580743583478061,0.8281057653191879,-0.7241842494188564,0.7032264905814024,0.5828107367512256,-0.36403505894995253,0.1341371593752241,0.7875664259296343,1.9115105830750156,-0.9623664040763711,-0.22049540156416614,-0.7913142059778153,0.2361880410715637,0.6280688930229499,-0.042507533380571526,-0.18778717754219207,0.25182602335170595,-0.5826784513446763,1.1595062897129538,-1.4883659288746292,-0.24405505059416951,-0.9623438634367074,1.1508038113918768,-0.27394281818230987,-0.9188232383595286,-0.4619363756104091,-0.333115503666101,0.3197182731423186,-46.77758163468468
-0.2875445361711263,-0.270283481520601,-0.29712600802609307,-0.2507354474312708,0.1943151273741276,0.44670530399594194,-1.089500099452605,-0.4008221428025268,-1.2302684337422551,0.3777733240878775,0.033566767630126434,-0.0773715199790527,-0.6279997481008938,2.563071721264127,-0.30006442272502687,-0.5393394403695874,-0.3398843003216729,-1.1222965234137567,-0.7153667919571735,0.1599034700259406,-0.3709162820625594,-1.506557118975119,1.1676962089421798,1.1735145874777735,-0.11508449193370823,-0.8108581985282614,-0.017546820639704384,-2.173910981725061,0.0573100203680523,-0.8231275771213405,0.8275800870361696,1.4385190865657584,-0.3931437403907881,-0.8503439916547452,-1.4242136653087343,-1.1612335098366229,0.6762746029855008,1.169913220363654,-0.23526914055626902,-2.135406651107477,1.4952548719939196,1.660845657257738,-1.009338097014231,-0.990824759924672,-0.8794339751139129,-0.11655532177522852,-0.1517772713107251,0.34276281710540096,-0.14453775427609233,-0.7660293372176307,1.7074148818102792,1.2165670316646808,-0.9321172868591302,-0.5067769931285087,-1.2201695364988594,0.7196023450741338,0.3630325402254758,0.05276337290754677,-0.47000442591381103,1.1198436633015363,-0.9750634364120194,1.6515161673108938,0.014670606714727601,-0.2550590411241731,-0.27028279980660047,0.7566177623218944,1.0459079726211609,0.8116738112392378,-1.6521100335034435,0.8521793396478483,1.1029751821527367,-1.4845863487801423,1.397311634502667,0.3467925108068077,-1.7186774572012968,0.6133650721193413,0.6247383164432929,0.2086733801767745,0.5677652516489309,0.7055352257313754,0.9244201678923438,-1.0242346728753056,-2.513327018103879,-0.7258376859296591,1.0407920444524836,-0.5439191122872227,-1.5772618619599856,2.0558683841067045,0.3487406816241056,1.7484258296164892,0.22640327652942738,1.4924013951547637,-0.30600894819006375,0.739678244210807,-0.3092488064704792,1.035229071625446,-0.8614721065943985,-0.6521020423567132,1.6176307210634602,1.0500652282040532,10.177431547982351
1.4814557898692402,0.8064622403335534,-0.28880175594587304,-0.4740361796620839,-0.0014701485587702578,-0.9322594128620594,-1.3410006799594247,2.663422369626904,1.0866893222080074,0.3048096164868629,0.18895644735842143,0.22572158023478453,-0.6470653629517595,-1.6475804126924136,0.39682173398879955,-0.5881259688418826,0.4256677559092677,-0.2092961554019139,0.4039815524878544,-0.10727888489327127,0.20741080320085367,-1.2129408990227917,1.2244571718916843,0.6243543138314959,0.9439678629218784,0.06980546614077511,1.0843569080970545,1.0029539506299532,-0.6765232122468475,0.6409936458020491,0.8805973773620348,0.6286158505722592,2.6115216967770922,0.5816808222732542,0.06603636159707418,0.4316494576716517,-0.4554552591881771,0.3097939402915756,-0.9705027313516668,-0.6145549788259013,0.863264074493331,0.7560107692941311,-0.573780980054373,0.30033747262022675,-1.1297541942238003,0.26710867685806666,0.193414008216519,-0.2513232292320765,-0.7832252065006381,2.638685512026935,-0.4662476321075701,-0.7277569824111422,-0.2975147983829402,-0.33558677491527583,1.5268248871991181,-0.3848843057644368,0.2610735304705167,1.019621882152303,0.16482627094991661,0.2938317357812879,-0.5694648187750638,-1.5953905863866453,-1.7109113964262976,-0.4588854443309862,-2.1440897125161418,-1.2420183110625262,-1.1583752401813436,1.0171752444918887,-0.31884406150087446,0.7231304245850486,-0.585532551178533,-0.07540571996961279,-0.1512971389506656,0.37875574050279276,0.9506897993029462,-0.13869348528086678,1.2469959917927596,-0.8773179310291693,0.3670461635617953,0.2571216347832842,1.2797533844514812,0.13775605217719897,0.7793574459050397,-0.6936951549716756,-0.2862018024431436,-1.6645419713260796,-0.3924480382178119,-1.308035140083126,-0.804021678796954,-0.836750359796536,2.9140556233048027,0.28631885862609885,-0.5240679752424443,-0.44394974029689055,-1.0842013356849942,0.5378985116445135,0.7086397661983151,-0.16212729705925372,0.09926750693025968,-0.7779987245857543,-132.40280943413975
-1.3066901613226773,-0.2684178257083023,-0.8080774053346951,-0.33121780055149286,-0.16208534015460477,-0.939859958998322,-1.0724428915503168,-1.708937923155285,1.2224793768849833,-2.665307936419915,0.6326995369472578,1.0502131344745318,-0.4072268918754179,-1.8042369790815818,-1.005536419371599,-0.036760120911238536,0.3071712056160589,0.40066075423531006,0.27224241609571925,1.820004810420412,1.2909704691967954,-0.2062235923043354,-0.49859136137089743,0.5281409741055036,-0.47580968095215925,-0.4004436746661628,-0.1143689160610775,0.7930156753434042,-0.2307894977190589,1.184448873540293,-0.5003525835425335,1.3193152024598875,-0.15441452451018003,-2.7795538001264437,-1.1369313984300273,-2.000194520706238,-0.20546668272782823,0.6662905890470364,-2.9092880649257915,-0.38558899107853317,1.4418994468184492,1.0192759613673585,-0.7894318846325392,-0.7243632528354108,-1.0649556991994475,-1.5252881962024167,1.98309548347494,-2.2230228319856242,1.139544528034512,-1.5056090326304157,-0.8557474376933227,-0.7248136806561966,-0.41443485285260206,1.970320483866991,-2.097174439196938,-0.8291304410119696,0.29771005728644867,-0.863539226241158,0.11294408289336463,1.057055468103223,0.6654714408670533,-0.21779332924338476,0.16509459400723106,-0.29701334848790056,1.654341582729732,0.7257190703486267,-0.6630735712210069,-0.2065174655231625,-1.2829441555818184,-0.8335412650252103,-0.34110316197204493,0.8947576097869795,-0.9949860482093189,-1.3387932294725011,0.46116216419703493,-0.4438188594351388,1.1348499222869683,-0.5911813986090066,0.7814415495146233,-2.900193094825394,-0.3422090626725785,0.07323582008406407,1.0701824252861063,-1.696310376613149,-0.9112538835917725,-1.163810979741841,-0.15806089859637998,0.3614446253747669,0.09687922862773998,1.0567603093064863,-0.8638119467744266,0.014965917195355906,0.7822116177595949,-1.1818025523555644,1.4798477190174604,-1.2042915082767793,2.2171705087848266,0.6360982523238053,0.397276608866573,-2.8120218634668257,44.20469397919189
-0.8597940293031905,-0.7928326448100473,-0.4467576927941679,-0.09550331327535744,-0.44699094356743985,-0.6403346281018528,-0.37726711126511436,-0.5938735428694142,1.2338696931295428,0.21440849455193806,-1.0285867853731585,1.779013936176724,0.8137405929171577,-1.15838030900537,0.44026042261413106,0.2449786041200757,0.35759500822726803,-0.351841766003315,0.6546119890333901,-0.18467014875858195,-1.0368740280749267,0.6787127490691768,1.1434756005001132,0.3387374052465651,0.4852819793386231,-0.7452171472183703,-0.1861951983711744,0.6842900332866821,-1.2924352592436574,0.5490508528506663,-0.2976251353424909,0.5814280015157333,0.5856337458723281,1.7400152237914481,-0.51659714179213,1.3863197718408562,0.3212367565520165,0.2799531272848351,2.5110899463418623,-0.13424805455756691,0.9724773176471873,1.6991210604919886,-0.3306455953315869,-1.018611745894117,-0.7032735560890712,-0.49496063000903373,1.0531492943612795,0.9870534048705901,-1.411491916321555,2.1690502183801144,-1.543598619177009,-0.46185719111114537,0.6901497243383113,1.3485756923041239,0.27808880793665725,0.1465168589221174,1.3815517338949137,0.046684681396131654,-1.1580763387488047,-1.7528832839498445,2.3186602604193904,-0.12936994914646555,-2.083303303426352,-0.35481943904905633,-0.3342705611601695,1.5423620259401014,-0.7909541661035061,-0.32583243963189723,-0.09471927409624717,-1.554869278731508,-0.7285222789659865,-2.254909849334041,0.830796711381729,-0.2637762077088484,0.770966432847932,0.45413938626279987,0.9446431016236269,0.9016909204119667,0.10451611986196375,-0.8826400499636609,1.8379047894925518,-0.04671362487641474,-0.5484075988682711,1.7555852668856207,-0.957746287442728,2.2434098188530163,-0.6853339669593814,2.126459449989404,0.8231789848645179,-2.3248309083082153,-0.5053756801233249,-0.35411774923202505,-0.42868531507824104,-0.22097947881588353,0.09634004067901389,-0.4087534509887855,-0.1572380206778293,-1.0290361179083192,0.043529073141447314,-0.8376613395266054,-215.59748051308802
1.1321978147121248,-0.5087389652885166,-0.46907459403425833,0.631882626970052,-2.6362961474826623,-0.9030997497482361,-0.4793969893697834,-0.5307202974923207,-0.12649324748765178,-0.33384674695186206,-2.3680657253671438,1.4391022937145683,-0.08152541639428548,-1.546540647270882,0.6426748208618936,1.3110466348277416,1.0580914919450755,-0.4394782365349818,1.1380734527032648,0.33210476175029763,-0.3604765839636896,-1.035944043384607,-0.05367977931847285,-0.2621426670731359,-1.367574805967688,0.047178858550211575,0.02025452698867046,1.1268925264969454,-0.962797782226696,-0.5676714262945425,0.7736787371824625,2.089850266838518,1.3372804515273082,0.291266472916029,1.072030530590366,-1.9612612312004736,1.2974210025364112,-0.5258753928318891,-0.08237210558786465,0.15943862031431957,0.9522078414384834,-0.1206394571786005,-2.4129969590293134,1.701245842893839,1.4442672482990748,0.3129924819653047,-0.7048826107445126,-0.5597611136449321,1.4800816235806635,0.24269061930726424,-0.9144883315781007,-0.6316815200234682,1.3027406433679247,-2.3700150389994588,0.8570160586517174,0.05231809051867095,-1.7103043905587416,-0.5498022100977102,0.19795678128328453,-0.8057669555247063,0.3784557591126487,-0.178783159822803,1.8068693177664379,-0.6937290782388816,0.6278838859701473,-0.3956761083714598,-0.849565381072912,-0.08743718706273895,0.847029997867467,0.2509673760457495,-0.4078653492984464,-0.3920764671024132,-0.3884309896288933,0.8994959999899067,-0.3206441119729364,-1.8654827219761692,-0.09986880483664773,-0.3445983812771212,-0.13532248887931142,-0.16868251363182044,-1.2755827741521581,-1.3955400534044409,0.16137993119648852,0.14993794320147708,1.0724582305858577,1.3499962859813452,0.37766017458033996,-3.258064135583386,0.32949230647138045,-0.9304202889637504,0.4020524312305441,-0.31127548766931723,-0.7907541780196027,0.6760814631718082,0.4900716063660867,0.007598316939602779,0.2704876479204973,0.43598124096255925,-0.5719841355402129,0.6905055119635919,-171.81623327796453
0.8070126883470079,1.077712931566378,-0.25784414595733024,-0.25039589671611706,-0.14877191801209333,0.1674708318002674,-1.5524907454601555,-0.13911188707846944,0.8777188194972392,1.5596374592367261,1.8309907581107454,-0.6725069899352442,-1.4038091253002287,0.357896874992576,-0.3676438187931484,-0.02599246350157631,-0.14711351074803522,-0.7152072128082364,0.46691802726289094,-1.707685312411814,-0.27446433620088523,-0.14626879503292312,-1.1216519550934334,0.7741936648240687,-1.5348350663389374,0.88599916359983,0.4564252858381961,0.8384873348184793,-0.25773280861149545,-0.08757808324803158,-1.7173895987090295,-0.11385389234769874,0.35428078879635444,0.789640752687019,-0.3470637821425751,-0.14043176344205782,0.7807797013808122,-1.0059715980015356,-0.8801089492605487,0.8258077652986703,-0.25234466522518423,-0.8927415029427196,-0.8160300991542764,2.274202700269329,0.021008257581445124,0.10214422341158738,-0.6647039758764324,1.6441865413842531,-0.07349094207051404,-2.93737102920352,1.4274564660490665,0.2967219612266059,1.0551161220291048,-0.2819468124052509,-1.4694062158165424,0.6723375045742924,-0.05838939510234947,0.9442791934551168,-0.23987199544704702,-0.46808426380049295,0.916312097924584,0.065812654338257,-0.5724924564042464,1.3424690038648415,1.4262147868990018,1.015835509210127,-1.419909844846469,-0.3258511122592173,-1.0123887060154524,1.0388135057425008,-1.1194452264279122,-0.05553169790576054,-1.3269666399140636,0.41440289433522465,-0.4330481795614637,1.5631353731174877,0.6601008688117922,1.150031423192415,-0.5373551364763368,0.5150913814402086,-1.18109143606981,0.9394372922361094,0.06263493472805881,-0.7053377352779099,-0.042781275031491935,-0.21881121907600717,0.3495827435403834,1.2450423670309254,0.24391580684684303,-0.42920248384875154,0.9689759535200951,-1.850914299461925,1.247850621080829,-0.2043129073911085,-1.0275527969733782,0.8096530444683754,0.19340452167258865,-0.43942049387999177,0.8991138574321936,-0.7875820743435351,-105.80138145118346
0.7008089708271368,-0.7708846043507003,-0.07303615606796948,0.9168519413638534,-0.36104871911135733,-0.49549069316011557,-0.16633184287393343,-1.6408741760872585,-0.08773083074834494,0.15884472162266403,-1.2543850937912435,-0.18284656142713065,-0.4252298635868557,1.1699537623937513,0.9649075726565203,-1.0458682638421588,0.8493525206900745,-2.2494390212215984,-1.1516790065462639,0.05386020341457163,0.6010457922547475,0.6822634779660789,1.1065078232840115,2.375605555955493,-0.5631699258421214,-0.42494440140789486,-0.21618351358881613,-2.007994676464723,-0.3460363251982136,-0.2846405076014159,0.6910299575804164,1.4807200217453773,-0.7631133309468522,-0.793273490342666,-1.051162641329094,0.9032311496507441,1.4269421337785648,1.5026681331581346,0.8566560869554629,0.1609115945121414,-0.8246302833788668,0.3255467924911383,0.1476728269807046,-0.34202644381196623,-0.6890343997167374,0.48089093166419944,0.32620739964743856,0.9355738679354351,1.059942801108492,-1.4394623390091177,0.7301233872692349,-0.8041866015653817,-2.3854506578504218,0.9388959688848766,-0.46738591031087445,-0.22801843969827817,0.31017279939833003,1.381315519924361,1.642217644426656,-0.739766704534775,1.97402854894549,1.6555443134500802,-0.61326990059398,0.5378643741234949,-0.5109825606347267,0.21902561371165793,1.2956053903880598,-1.061797427668542,1.2197569666462753,-2.0538405063049594,-0.44366445626387324,0.39767813932168117,-0.2639752824252693,1.0472699749591348,-0.2644291132867473,-0.9304001601483557,-0.6585719088484026,2.5508874035763967,0.6165194324841229,-0.6608640840466692,0.10459696795222642,0.1558683697522589,-0.5719633387284067,-0.050169587854532446,-2.186240899034437,-0.7191856336216454,-1.1796320355806627,0.7935382135704155,-0.1583878497523947,0.5764168190646789,1.5053065164725556,-2.033119003757923,1.012206014682446,-0.4648353788397191,-1.8385744734294303,1.7009662210367569,0.21943738179128575,0.26085423105126526,-0.8490275306311262,-0.11788383035365788,-115.75776493552422
-1.0515036561908502,0.8237297517246421,-0.7454308423993495,0.9455532409012086,0.5842547331544783,0.6141810912991391,-0.47065804909192566,0.03849051690918312,0.5014197058467827,-0.9690193029222801,1.4359409712595237,-0.10085165819692897,-0.11503311790055484,-1.0161165458607693,1.0540982727639876,-0.7652384808330812,-0.8423609427621946,0.8029953203514697,-0.2615186442114698,-0.7878042311877836,-0.3439088787797473,1.1428628346884238,0.8600629087461328,1.4029772136051926,1.8169268460302488,-1.9157338736921357,-0.04023315015103209,-1.4870323976522213,0.27439212711998373,1.3112935245493846,0.48275621670343416,0.8739507869538371,-0.8220820206467228,0.21117214268524132,-1.5659797564741804,1.2047174873410154,0.3462250754199249,0.19542988582718085,2.1646322392548245,1.6577157490777241,0.1862002595220795,-0.6046600432726624,0.18597665346698852,-1.2079346532925104,0.4828419877942857,-0.07970482779506834,-1.1397057241717086,-0.2700366953498971,-1.7337997651367534,-0.6044614478871919,-0.06729961780611714,-0.4893703975017895,1.290618820447287,-1.6056467116211297,-0.44008593161520243,-0.1090535257463807,1.0854583223695915,0.09191683118553741,0.23851093709281515,-0.32553898929645436,0.13420585545669372,-0.29977377610448785,-1.0020509866301073,-0.5580676877695794,1.1165282922274706,0.8059486254732179,-0.9796824229698101,-0.3835374311167158,-1.637842553936407,0.7150181138350901,-1.3778956948069259,2.0100009387796005,1.4941320044185442,-0.5606597359375309,2.0549010805247705,-0.7265733762774892,0.2857411115698414,-0.6152167684960247,-1.6703313973864458,0.02655858749346617,-1.233215210749146,-0.9837065846067723,-1.2300000079380369,-1.1688113321926896,-0.5057653868691483,0.4525386379172528,2.7438939488615173,-0.5650893564353568,-0.18486723336527888,0.5026584117876343,-0.8369530768846428,0.1441005140429055,2.1119365972902973,1.9768840611136087,0.1853265968642509,-0.6509241930317282,1.5914824139517187,-0.5408851101669482,-1.360551396772659,0.4910629566367671,-22.341169328644867
0.08840560933763045,1.0431819376698148,1.0490495117992562,-0.32743678063350384,1.0588076582745987,-1.0235838354939428,-0.37243455841156203,0.8269197905486196,-0.3130436095710969,1.6873498354255705,1.1229104733552815,2.396393668053152,-0.5476490939508437,-0.36988888464487296,0.7538733641960635,1.0425883555115483,-1.2159584351760324,-1.154040770084897,-2.2206736375910316,-0.9703907083690161,-0.13797859178799174,-0.2936352511875507,-0.26484607647982183,-1.3401513793693454,0.34540282467471456,0.017331082904011696,0.3462381252197599,-1.399427786327729,-1.2168922773352042,-2.090710153549881,-0.4527735261927772,-0.2813299154103978,0.8396264265248397,-0.35512454417358386,2.5086022034992648,-0.728357016208827,-0.24999050374036993,-0.01281817589642693,0.1958857776984898,0.87063123270744,-0.529253381494057,-1.0522168524151867,-0.23672760408808818,2.7672503621413997,0.9405636925103901,0.7050368355479081,-0.27215145400895985,-1.9639125507398472,0.08594229802627583,-0.625298588525997,0.3327475910225141,0.18908436168515744,0.011654214667693591,-1.3460898925604603,-0.27689048021485646,2.359839353598786,0.9457386294332281,1.3085427126231937,0.9649557866867222,-0.5311388171458236,1.1986837644479922,-0.6141111841003851,0.6702072933802654,0.3387185006970713,-1.7092181089981546,0.11374033545187201,-0.3371074181645891,2.7254579208353857,-1.7069871808336976,1.2115727707417143,-1.360942932895124,1.1359702371588678,-0.11145095689421326,-0.3991539341962897,1.077652583873311,0.7009583022306985,0.5303472260180953,-0.21766052456069881,0.4519305626660555,0.4457994387488254,-0.601116137900861,0.04936655562289534,-0.6450996642204845,-1.392082729026362,-1.7401143717057488,1.0264407999554512,-1.113483764129603,-1.4516078217385793,-0.05594811576931976,-0.5764052131633995,0.5373050120631289,1.196419501612163,0.4805291818944077,0.7816201697396982,-0.8613728666695182,0.4608199967845098,0.07648624971643424,-0.800860938759304,1.3616845421627124,-0.3614431683088126,32.01832359537303
-0.6386079551442639,0.9109215398215086,1.0368816407206116,2.157469609798709,0.215731143610458,0.7845391365543989,0.2429581543455727,-0.004222514707740417,0.9663573923227947,1.4494880696221646,1.1652450759726172,-0.3897451290472937,0.9185782223012723,-3.081095681138834,-0.9429756230523242,-0.5453490416334854,-0.9047466547925783,0.5364786957328282,2.022244003918434,-2.282938693766891,-1.2954487034048559,0.08809117372624456,1.047173331666244,0.9126047471627748,-0.7364291589211949,-0.5516245165169669,-1.3088847272915973,0.865996835710662,0.6440141957458222,-0.25160246893953137,-0.6022410289030066,1.787382014731255,-0.3900338712702551,-0.6327585034024789,-0.7996382945226173,-1.1514917018154673,-0.37959047353923775,-0.6733036663435772,-1.5834340686777573,0.11067406510580444,0.7424761439074076,1.1417986550580954,1.9551330423488766,-2.2419225343494746,1.1570844404234049,-1.1803018982513949,1.1964011258263048,-0.42668102394347573,-0.16981890794045834,-0.1997765340492516,1.848599929884609,-1.7341174223606421,-0.3244946901884855,2.165346560621265,-0.5930953569191434,-1.3210854312429026,-0.5547932572807616,-0.25410412981768343,-0.15790405185617312,0.30559193064638,0.522162333689139,-0.9396084389515025,-1.6570633152606173,0.8926739070101462,1.4458044652899753,1.1851934162627829,1.4286311772235452,-0.11694108229670735,0.5303261949819296,-1.04697725712653,0.09440552194125182,0.25864150261347,-1.8828564116801523,0.22653750766288033,2.9940956528691274,0.0751655406466891,2.084083471602679,2.3100591101990067,-1.0292522945591103,0.8343899672594158,0.036337865478667644,0.16279005338823344,-0.43594679097110994,1.2076426949367867,0.5951857690767527,-0.031165179879424198,-0.11499472709496421,-0.23174129798017346,-0.2337651968942005,-0.4090078738667004,1.4944452683087068,0.46801937327757104,-0.7573723224740873,-0.7054651303186723,-0.5068138513105449,0.6382892889975541,-0.583846405790253,-0.6911168996191105,0.41109617042509594,2.1828022075714637,-166.3205744887156
-0.059409072727847165,-0.6758137209478676,0.6797352403544173,0.3914201198739988,-0.7873901354150626,-0.6073749552864451,0.5498944148858675,0.14857979627776824,-0.7837801092571404,-0.046464672729286,1.1791204842791714,0.9712064806412971,0.5410379470322766,0.41819686324709054,-0.570568899896326,0.8232449151784421,1.2331340973821787,0.2927786044639863,0.6280329877838551,-1.2506792862516976,1.3767394670316706,0.41219589048967026,2.2664722984400627,1.7908912511433401,0.4602591395835611,0.5975503685271856,-0.6895604631856477,-1.026967870380843,-1.8208061705492538,0.5814470454203238,1.0687119241424465,-1.1647575585436103,0.6710706492348485,0.37521742332827085,-1.4506725811173387,2.463911655158074,0.3595921607714747,0.3635904229444861,0.9612130337382769,0.4037663807369558,-0.5157766844503537,-0.18533925928928366,-0.2853914559676237,1.9168550341060178,-0.3211667401078489,-0.3813070304409233,-2.4699438661837876,0.6321797114581337,0.43549850450971206,0.9751017605488789,-1.0820067538208928,-0.5717268301560261,-1.0901532457936964,-0.2691738494206345,0.729724576521481,-0.7662314950468988,-0.2478174538669366,0.07090571073892067,2.6271800082403503,0.784207654471532,0.2437984476589622,1.5507428253214142,-1.0526105495438152,2.322292123470483,-0.8246018043430592,0.40710040647297346,-0.6682181583775695,-0.6898835447129948,-0.06920070634854177,-0.17007741039809027,-0.21905879663359126,-0.35727841910434993,0.3628806415285388,-0.21369323790006384,-1.3290980883501569,-1.0436640214339428,-1.4325215886380924,0.5766867486236487,2.5145242144929054,-1.3750795476669384,0.582029842014395,-0.011294621958644745,-0.6687978865765785,1.0583603154308343,0.7624232284659538,-3.4230885978603482,1.3665669300374084,-0.8774042053470862,0.7635362250883987,1.1821381836424105,-0.31130620505099826,-0.5456409445654639,0.8485932012066415,1.0689870935717765,0.4146718192168426,-0.983711318300703,-0.07549840014691807,-1.5192859779839778,-0.5381412155223047,-0.022373006573281437,195.6893802451168
0.23007682901752172,0.10407367079387382,1.2817152343320888,-0.17849599250998255,-1.121588543796676,0.9694563620345673,-0.9754890776682849,0.8658326212510855,2.577337579530255,0.6998282168343772,0.23904888287609258,-1.3251539065918834,-0.5258391250299018,-0.6187276168103213,0.12621864853557727,0.02941868668730653,1.4830325525760368,0.13561181806244868,0.6538052699529394,0.6658715650353004,-0.7061151712515576,1.0371190112229676,-1.1914673927322377,0.4336667325948159,0.4060385284680358,-1.3310546564371795,0.641715587289494,1.1894289957527173,0.10206811655604668,0.883295076747426,-1.7217777007664432,-1.3193763994025598,-1.5791303560182175,0.7134996198921407,-2.209209862633963,-1.9202291722429667,-0.08519582368168717,1.680405318227506,-0.5456784944057699,-0.10256348982363342,-0.25960735824412934,0.5342720767598805,0.9272538871977086,-2.2675903575593606,-1.4832858298047447,1.993898932278302,-1.2881027803105731,-0.24223711080221935,0.3270074764075358,-0.10483684047027365,1.2966531507322794,1.8739469343121011,-0.6428802542032671,0.3358130352510799,-0.5657018464431475,0.062275731162167135,0.9835670754918084,-0.04863382766618505,0.5008118788596649,0.4916469277976178,-0.2631363195108115,-0.6886723117674689,0.32406485770609905,-0.7017445224036679,0.33266278826773754,-0.32449784637743617,0.07279285411989661,-0.1804288240247485,1.9651701556871757,0.7472199518456786,1.4150757773250506,-1.457382308803509,2.099658456556215,0.021066178530294213,-0.34830250644487604,-0.5497451061420681,1.2478208836940443,0.11888551543040195,-0.15335877686771776,-0.6838690713950153,-0.05480748982059122,0.6166801650276744,2.406565130327828,0.6250445966613628,0.33214701101715877,1.3669382918279804,-0.9592286499860819,-0.7623941327455939,-0.7606387096891646,0.28211744225729796,-1.459654754213088,1.1885115022255517,-0.6688749123060602,1.4854685843419204,0.44779611480998194,0.45874935653782495,-1.7047236792081877,2.1005024404422503,0.8632028097103501,2.164389798151265,-236.5360650188942
-1.8534910250888623,0.7489458823687899,0.5587963837050772,0.09505473849989322,-0.018752809096897863,-0.2965456400700383,-0.9898435202973077,0.08103731404318414,0.632916158461726,1.1099256699685323,0.0037385376193570558,1.958204896867892,-1.324371133108307,0.303068761448422,-0.39755456823536883,-0.2612292521180732,-0.4158490327124955,0.9212480344338114,0.7709688964945591,0.014279290427338777,-1.870718332631065,0.20526609801540371,0.5927072290121884,-1.125326548825925,0.09940978786684229,-0.3242358274481686,-0.3333271633478618,-0.4808071376012051,-0.2167117963958999,-0.8439432218157634,1.860140791042304,-0.9832099185517749,-0.5026537649339009,0.8249901052664155,0.22596548899764468,0.5098694698211246,0.3210085940430048,-1.8135604227020834,-1.849363537114675,0.9520684173907603,-0.03283953664071861,-0.737987988924067,-0.1178928429035526,-0.2594932371183502,0.038278040295697,-1.5135710289738928,-0.04979809853464728,-0.8533979882670387,1.564263116291408,0.16473454133860332,-0.7791197052649129,1.4235723689688804,1.1466741536689113,0.725998691887717,1.5237926394222099,-0.07623302894896807,0.618475288045473,1.1412141869297656,-0.21101918025360789,1.2089337357227408,0.46467549446051315,1.4106909912910284,0.4169652644960565,-1.794299327244105,-0.2796052035353342,1.229282299228781,1.3804381309482923,0.6440693133253925,-0.5590767532187704,1.8872587810185728,0.11827139585012388,0.8302322684412212,0.43170230191807013,0.4752793650183558,0.12345212825111912,0.7028174406929334,0.11026554306523484,0.9870404366295631,-0.12372751108755956,1.2939715099996758,-0.5502381095816472,0.3788002419160142,-0.8554787492887388,1.2868503923073789,-0.3679838674650947,-0.8155472212950166,-1.0363785106265033,-0.43376995715304206,0.7227144110101885,-0.7308947999213427,-0.5480913493987905,-0.36686014626969393,0.9094246334838495,0.659401179966135,-0.8959138083855636,1.4735169202262755,-1.918277799341448,1.8968776122348427,-0.07824915060675562,0.3655940984064124,75.98763541529159
2.2054297709754938,-0.2595254864183713,0.3899329722696938,-1.1836447281271318,2.257730399215672,0.13585667880647562,0.6387760280120731,-1.8609320969916863,1.07423159459966,0.6602304272835556,-1.146721235768998,0.5962260790492399,-0.0652910239451994,1.1059333935026654,-1.5125373249565925,-1.0728667237140455,0.09436547956135326,0.6905975304550862,-1.142526078163242,1.1203686466170213,0.30245980082432466,0.16390051147156043,-0.28568240152903973,-0.4154323960380787,-0.621557948585181,-0.2120195795594823,0.056437075001090756,0.7040260994473257,0.5921583715662909,-0.8235700860458166,0.23957001336864778,-0.648276789288811,1.3920396339965808,1.3085066861468093,-0.03276987160528061,-0.1893979076209474,-1.1374930508029335,0.16908292693503138,3.110481741602064,0.543388719628114,0.44076973505792477,0.8598006121804742,-0.6246041643289786,0.623568629985812,0.209754679404261,0.5078168345304868,-1.6865156347224426,-0.7610762076631522,-0.09105108004684366,0.5733361335059584,-0.42333558399670973,0.6284568861368083,0.9652834884930048,0.05871714498862435,0.3947334914553871,-1.5168577404738013,1.5446891669207943,-1.2076700676171424,0.28696238195691004,-0.7279326149696725,-0.6594079623585796,-0.47018258118580786,1.1051807689875763,0.09228878746781048,-0.19627055125896622,-0.11786408912155678,-0.38594191208436956,0.5520098304653871,0.10095880624077093,0.9896678923700807,-0.9463371370863202,0.4850489424765427,0.5976084471257932,0.49595307973466324,1.2731392911158113,1.6928020047575565,-1.450490239542157,-1.2469838006308998,1.892844855556037,0.5204787650860647,-0.27051849680967943,0.85132859865819,0.6285312526950053,-0.2171342006761955,0.9857349378755415,0.2583681294532484,0.43375539250872763,0.022953910222988264,-0.8530454306916525,-0.08668095914036597,1.0851958013992336,0.14172300156720966,1.921541991225464,-0.2670553191855943,-0.32359545018197605,0.25329234650570015,-1.370085463925968,-0.6447051679705778,-0.03306258512015034,-1.0474578110353514,-57.621940059329155
1.1208027547156811,0.02788808668761964,0.8401264815304128,-0.8728918554493691,-0.5094774654581696,0.2649557550094462,1.6223527026803153,-0.7338599040184289,-0.2998512830515841,-0.73565487383009,-1.9062553563210565,0.0561026009340499,0.7124203062975032,0.6128967191148005,1.7684970223724399,-0.9295777011141972,0.09503876254475357,-1.421972645873059,0.9225841697601076,0.4845450199371112,-1.6728409435089318,0.2927312610570351,0.13176045324447427,-0.38401095084616943,1.006553037637083,0.5961120702270094,-1.1127044860215423,-0.5729342888892449,-1.244926075198812,0.6018283159175778,0.4304889867267025,1.472273147916522,-0.2533437198726489,-0.1906001930129408,-0.2655478194292909,0.5380337359166465,0.1857716216959551,-1.264285808818816,0.5063491182732267,0.28744078421214103,1.9858863753483293,-0.9826016625834473,-1.2109700885968466,1.90072379378115,1.2786150289664724,-0.10841176441271098,0.8731179790159951,-0.7996940938512057,-0.7000019546600736,-0.099194076001591,-0.9533253812471691,1.2474163602050907,0.029103638086503774,0.8023154949785066,-2.612232191603476,-0.8211261991232199,0.17572472757738042,-0.5293406874528239,0.2218629137812894,-0.6620241058113215,-0.2770432383840313,0.5970264415088317,0.040127513088207674,0.6285313260187636,-0.02184345662676831,0.6332766777744275,-0.14222775155964115,0.5286016172648951,-0.8906962225670054,0.6951584645553062,-0.43310263943790334,-1.0150080571452484,0.3292756037240827,-0.9387942493402047,-0.5417307182471359,-2.3039716308600884,-1.3245211610698067,-0.5060133568563523,0.12045643921693355,0.7392441270800428,-0.5831488092672443,3.8375300328978934,-0.4961161465810698,-0.1129778848015453,-0.8765795498718141,-1.7444851476887482,-1.409176401088152,-0.3573121692804025,0.7412855354538189,0.5705283352944353,0.5055211062916016,0.10292270617545446,0.7714940071567791,-1.8271620361773089,1.855159723585431,-1.104582478101034,0.6805498523827549,1.7111698071535197,0.48175057404759775,-0.5479235083461811,-141.18751869938134
1.8982101909741267,0.4553319970859863,-0.5694126733565769,-0.048644697979636775,-0.9133682887529831,0.34190548118670855,-1.5544734185159874,0.04992442210281794,-0.8107406205758085,0.41163720343221766,0.20582133798401314,0.08531783150854218,0.7109233511469443,-0.22550634522633964,-0.8839963238010663,0.28320578654484396,0.49111945804629126,1.2209048400225733,-0.6742807903998457,1.567642819912779,-0.05867851392016106,-0.2439302544408596,0.3132201898142679,1.8539967036721245,-0.2795771261376501,2.469456850517032,0.7420057403880236,-0.05623823703382357,-0.9778776523702488,-0.9208504742660146,0.22365111310877328,0.9065111556231222,0.41450914710076375,-0.7267709570489548,-0.3725377730466834,0.14421658389501155,0.48127176701042873,-0.48019511559103323,-1.3849431057401806,-0.11929375400605266,-0.3232019365499244,-0.8245077730271876,-0.7541589088180227,1.3356930815335224,1.6015529755593536,0.3200800478254538,0.6278607993275193,0.030538963086705433,0.761700695451328,1.1327395655698607,-1.258202419903283,0.8702947129643059,0.31159302845450343,1.0391591819570476,-0.6157418223880711,0.710435373688512,-2.130450101699476,0.7705926071235153,-1.2837518806533437,0.43696707979284843,-1.3072695518855446,0.5053504586291742,1.2057916788303693,-1.1455082607179194,-2.3589984378811284,-0.4063076116302714,-0.40716972939002294,4.436281376685435e-05,-0.6872319337572341,0.8636626034469032,-0.7880468552634492,1.2499943223156993,0.01245284172954526,-0.41169829912013584,0.10477401612259188,-1.2588329752697744,-0.5617705278958979,-0.30960394095926624,0.6219817833551314,0.5391096168877407,0.43524536936611613,-0.29493237801721434,1.4181657634646077,-0.03211693023414962,-1.4742203877064701,1.049361307314514,-0.6706038275851344,0.7153264121461302,-1.1903314256025366,-0.03222222587000801,-1.4378076955626289,0.7252627235657806,0.7272294478311316,-1.6408198825702154,0.5452629240911866,-0.18883993827612897,-1.5055495578789413,-0.12338772500359357,0.1007886791762514,-0.6847810535444948,78.8954547213872
1.0814911887087972,-0.1019430067608907,1.250747545401441,-1.7529471126189022,-1.673420540922597,0.4075996990343344,-1.0301164941463488,1.2502731610833915,0.884549629549069,0.8647819817333181,-0.32654925579909055,0.8948176472794882,-0.7378698043974202,0.575703651677331,0.25266656328195364,0.042780960397145386,-0.4506237002415925,0.20854952472068433,1.743558476583857,0.09017470559319456,-1.0623768046000033,1.1631284903933699,-1.447015087492066,0.06326927622009573,-0.5114388801212957,0.7176298598023729,0.07179761737724047,1.9217655326689205,0.03200429401108925,-0.9885957079307691,-0.8774426588228109,-2.2490384317946557,0.17878335025040287,-0.6184909461554745,-2.0831763345754597,0.04484952987396068,0.1860128658779591,0.47173237618339264,0.8628036882151204,0.5850937137313159,0.8669435687888712,0.14520761586860428,-0.7220630019400262,1.2754653990475535,1.1041597277732267,-1.4275740961799184,-0.30787137521612284,-0.5234451216874919,-0.44516637005927545,0.471829205376704,0.027352942955640554,-0.11874003148035246,-0.35723476075154165,0.04110221604251508,-0.6928220084067712,-0.8783448650547424,1.389252281484386,-0.9850672336204712,1.1400733678681454,0.3481714365844459,-0.24160897195212513,-0.12372663718462847,-0.813187253334098,-0.46105499297947067,1.0250607148794266,-0.4553942620625873,0.20165810007855922,1.5534632598350204,-1.0464371527232583,-0.8758930971007111,-0.31593755007388996,-0.37021715146754913,0.7912710330298273,-1.1375483717235344,0.6904225074546569,1.041230331827368,-2.247456833038158,-0.20156995296777308,0.756325442699624,-0.7669272251488857,-2.7578724146528226,-0.8220101348624892,0.9022963994327007,-0.684815894520328,-0.012276685558142198,-0.43359511041916904,-0.6266321021580187,0.050276557379775384,-1.0366517459969344,-0.7672024493557237,2.113045450760361,-0.3835818538214021,1.4294284622330513,-0.048236654247896825,-0.9400142376935576,-0.7328658582996919,0.9088527808832884,-0.14211705756965873,0.852487377663881,-1.3923866730118721,-348.63433968448885
0.29368948877210904,-0.2791844172344553,1.4498193088761016,-0.9595583150185039,0.4238169318787053,-1.161515661733975,2.188156000592807,0.5431647991528831,0.06331859204521223,0.4356845470267019,0.8938388535923096,1.3168337331313817,0.8141952600866648,1.196067115328206,0.09086778363049533,-0.2588462847414303,-0.1330140221981781,-1.0819995257793618,0.17118943919323837,0.6240999846784653,-0.35557412377291725,1.38459462753882,1.2025655169789495,0.583161301496699,-1.182611190770403,2.068002884710939,-0.04852998005533487,-0.26237798780537724,-1.3036019925893043,2.349589804259894,1.451733370738049,0.16416116472331582,1.086552581099708,-0.8465685968493339,0.15131479320895702,-0.5795292725070469,-0.22584796381496422,-1.7908146803214242,-1.1540718485002828,0.08234875569805106,0.7978035453696055,-0.6649614072437675,0.4281234580138207,-1.1645752345520004,-1.088531597958285,-1.7242108055582612,-0.31924423026259285,0.48409788751101007,-0.38648424374364604,0.8787204299778676,-0.20719235014393494,-0.20193583375588584,0.5677084707017441,0.971514947847848,-0.8347823767105143,0.25411247050107616,0.5746103268100311,-1.217357079422412,1.002868515278369,-0.2820638188406821,-0.7915142139844947,0.8285128880928881,-0.6022204672110099,-1.1352753147519647,-0.32215384873536806,-0.14776334303681044,-0.5444612371111578,0.19089914346828593,-0.080322472066869,-0.14833201244988245,0.2283867312786419,1.3271553129183968,-0.3602817347790507,-1.9615884160565964,0.499852598767595,-0.46962996121446415,-0.6173766249184222,-0.883110442432787,-0.07228012801970617,0.15977092232040815,0.9741450278162025,2.6993751455088453,1.5218157326161494,-0.10783945118277218,-0.7420177727055913,-0.853519568474877,-0.8646751955181697,1.6592622247556672,1.434146634142494,-1.9863494065007146,0.5367811643828809,-0.949846442772229,1.0627741840289584,1.4346740920892356,1.1119057662740581,-1.8468405294699772,0.5018882427484616,2.400827018667203,0.569726939227907,-0.1133466032089347,259.1006197431434
-0.07163919094409295,-0.0033355011281122797,0.15462716009061153,-1.0794311210730043,0.06965017528337375,-0.2283005604549709,-1.7061926782041796,0.9501558651258405,1.6839450149171382,0.34487448560456546,-1.602531086241868,1.4560243942832007,-0.6648985161239485,-0.02129479248913898,1.5226313731272345,-1.5896589673218557,2.03542712791798,-0.567514615079791,-0.47437182564958186,0.18777294929863567,-0.9946955219991502,-0.3239941157386929,0.31122882989027895,0.18172252140675568,-0.9233103647496804,0.7186348067812839,1.4596219601981428,-0.24362482726506973,-0.41542281002866427,0.12843681385974806,0.5949138098248705,0.17160971397552416,-1.0280738768855038,-0.6219539141639241,-0.028020937709108382,-0.0446992852008146,-1.3025196513037265,0.5749918772032363,0.4713234925241148,-0.6846924082600466,0.21923831162069016,-0.40862418209359525,-2.303892714515001,-3.033619533865857,-0.24157533228164674,-0.003513257196092181,-1.0228856483211284,-0.1776211081751074,-1.09450209578977,0.8901814000756529,0.3215727700599419,-0.8524860877590491,1.2797192769800556,1.4284517670145482,-0.7919014315895655,1.2805362372464222,2.630754272677984,-0.7076144519546337,0.27602110894440574,-0.11066101398327197,-0.6447050662479197,-0.764917801879738,1.137451473451324,0.13298837258648186,0.8522478523151047,-0.8460066915374793,0.8556862901801271,1.7280000367009716,1.0205019520662915,1.784317772367058,-1.5019872021470189,0.2102677848548202,2.26189917012857,0.34286670266027824,1.2550390342951578,0.9479400191962977,-1.1978772993259805,0.5154798673881155,2.0508707583133208,-1.0260185916072657,0.04913047830711622,0.6429367891761039,-0.04493863387707879,0.9471588994811353,-0.11814904978719139,0.19487038949076757,0.9576875148370412,-0.47781631845242906,-0.7761770074649826,0.03496228974593838,-0.146996775304052,-0.0075605770358517215,2.2479708804693708,-0.9299785604713873,-1.1976004276605974,-1.0234108284758658,-0.1833822936455537,0.263984908034888,0.5143370995630364,-1.583236437235361,-196.25564021317413
-0.3018738663471917,-1.3251081426308564,-0.31757616376179676,-0.1646719809730734,-1.32086179271831,0.042341322006308024,0.4755276123152859,-0.5830407891147815,-1.5306692780909565,1.3176038520442783,0.22021894372540363,0.09590996414618871,-0.6607375223517881,0.9109901274473383,-0.6352243532701154,-1.234636126490606,-0.5399519487948723,0.34351692620660335,0.9622321060361522,1.178418982410171,-2.0691475851795453,-0.8494898207813654,-0.9190949272795287,0.3212393764213483,-0.6481970489612093,-0.7440954110953627,0.04234805200037205,-1.1587120082509768,0.5525487917281163,0.6386424215280122,0.6555691481614188,-0.2976362273708637,0.613585530438715,-0.5893189229412007,1.3883225675336597,0.46364022571652763,0.36522841093963243,-0.7664483221371459,0.31242051625632683,-0.5707264737571938,0.8313146321710085,0.2946235783226803,0.14794813643703175,0.22211011170388134,-0.6182946403432596,1.0073695568278933,-0.4994741387143578,2.0687825740723462,1.468777985810919,-1.1912293428737133,-0.8310652206308266,-0.5601319414767509,-0.09258902014695039,-0.03442695359636569,0.14085877628591267,0.20772555866341536,2.279298668366359,0.9527879564858475,0.6826061024467255,0.7341172232057863,-0.7260495362316101,0.5808443915710734,0.21836138583191037,0.9154599175874452,-0.9234986868073985,1.3790547744585753,0.07600451783914977,-1.1944580891281285,-0.5266536826253602,0.9561546311724215,0.06743391975013682,1.3676965219962953,-2.019233826637155,0.18774994245058535,-0.7569977587621847,0.45662922040495785,-0.5214801732409536,1.574535807769922,0.24442978813781,1.0544579873856108,1.6609278325290486,0.9743905204426444,-1.2006134634943544,0.7766311984370486,0.9886437937706911,-0.020329779355994178,1.0438409643594921,0.7799963435877295,-1.4441197788796754,0.7197907020326597,-1.2741184496011952,-1.3109517780995779,0.9779821282295504,-0.25647923111924853,0.6557696840177648,0.693596401115039,3.1487557524984022,-0.45148528913110214,-0.20034379596262303,1.572953518805769,423.9737324824164
1.4321664990880818,-0.8696383842309042,-1.9414643845886588,2.554354792964474,0.4718684721026942,-1.2332658358233557,0.9377004999148063,-1.2547163197462654,0.5633387382247098,1.0262343107947638,1.4017974221312846,0.39580164380876953,-1.0616828496968507,-1.4737687311696204,-0.7732216214493942,0.505171272423596,2.0274807034828464,2.580854056245888,0.6714776430516552,-0.6670612051069233,-0.2334826471755218,0.23106506513945577,-1.063742746682973,0.6037807186509759,-0.6504115317687088,-0.5172119453754033,0.08973018269024355,-0.9555489803918437,0.1670663669874188,-1.1674368952460563,-1.02125141143077,-1.1909828917251153,0.018456301505829123,-1.2285146726117384,0.5879472794416113,-0.2946580568734364,0.7991488533999005,-2.897184098962319,-1.7647355168278582,0.20604308794271592,2.004091763843713,-0.4990554457638388,-1.2174692708255768,0.7011932441755072,0.7294287833777985,0.8187124219826373,0.3704177910046201,0.9795270815321871,-0.571719588025579,-0.010543867132280602,-0.5483737278284335,0.06792205446572196,0.9139898301133323,0.8257397262931802,-1.3350487055700797,1.1218381933215822,1.4901072800728778,-0.9742060371282242,0.07799801427956936,-0.2781044911616279,0.4745874796383089,2.599043573897119,-0.9356654194217745,-1.8269996567892959,-0.9915367926544494,-0.17872631571179215,-0.6434740757680246,0.7501414041131969,2.2942387470207892,0.020077220993962402,-0.6437204185444219,1.0888201119818046,0.27459379901391107,0.6486320925551962,0.6896714395262536,-0.5626108722037152,-0.73486257401996,-1.0267858533545116,1.211356144699441,-0.3515582456083394,-1.6789863601209105,-0.2953786706150908,0.7653184770072481,0.7270126034177579,0.2754344411428874,1.141054061274089,0.03271512339107888,2.1760419462122815,-0.6440017088052756,0.22932381013240852,-1.1060990325029947,-1.3767217866961976,0.49093524908670827,-0.6813302522324324,-0.2674472978157444,0.7740305704671232,0.3015133648385501,-0.692038250027158,-0.7284298335047851,0.22660960246744657,296.95944825599554
-0.43398982620162635,1.5688099172793206,0.5085937390682118,-1.6042263099521887,-0.02747080802183528,0.6308371850388677,-0.04243023491860278,0.04743041106407183,-0.5981686713855188,-0.6315699721426166,-1.0732890022247998,0.3738100079367383,-0.7465342639517477,-1.3329185083720236,1.2374770159783977,-1.133636000095992,0.5774279445620174,0.49881961465079594,-0.30885646986153464,-2.3455690911922686,0.2679982011106452,-1.3563677666876113,-0.13681904070494733,1.4264981954312765,-0.7824689161768134,-0.6087184367918401,-1.2359355167759538,0.66724084703518,1.4046479408854748,-0.7515766507725694,-0.06846299842471762,-0.3643804483524297,2.399847675334384,0.896909497921183,1.3213938215622019,-0.817498926368103,0.0028350073127960487,1.439787594101721,0.09279379542319198,1.2785921730813368,0.997554898116227,-0.6188070551548078,-1.990976457202373,-0.20670594908616538,1.9934937946018167,0.2701983112045335,1.3613338545355953,-0.15879116464171397,0.05614690467793616,0.9504120369115633,-0.8653880908432724,-1.1171373132589442,0.8493257169770495,0.7200143701895221,-0.3908104397122378,-0.48421814226131793,0.6385967139060458,-0.09677486325068145,-0.5096728512218608,-0.47299022807198376,-1.220176772224076,1.272517076053844,0.2738386476738311,1.0127249818916153,-0.975253746727127,0.737107299950131,-0.13647264805367212,-0.8693594668710181,-0.36282944166554043,0.21933641884007915,-0.3779024545738915,-0.07695375977919186,1.139195475903927,0.22564973567329505,0.6219078715449677,0.004505338082391433,-0.9405058077482567,0.6286563605020102,-1.7927159107911463,0.8819780151881601,-1.7143856926809495,2.0018517238695557,1.4831171140290553,0.6415786777055041,-0.5114553476817874,1.901950140318303,0.06120407783670634,-0.5992929127931479,0.1807825600326166,1.6102188527613643,-0.6641828177525312,0.8258039410890609,-0.31892298594568175,0.4356351108732994,-1.7619643658323032,0.22514686488205077,0.7232791062071389,0.2802876308433738,-0.24036712820907663,1.5846451147644374,-82.4602388284076
-1.6321499940802633,0.22644494322973857,-0.3596598197394372,-1.2240345171675882,0.9869402518958204,0.8652034362049192,-1.2112677551378392,0.23712648812073406,-0.7526255973728183,-0.8205637674884966,0.09341692478592387,0.4623835090554376,1.1432801167704127,1.5633778475071443,0.5958349938942952,-0.804361848227122,0.4495225941660763,1.9184406508295055,-1.4407369196705786,-2.6068906406966614,-0.8398398149345085,-1.839925132384671,0.03031532540871675,-1.2318955351568652,-0.210683173722803,-0.5462023496175137,-0.5952320445495319,-1.022070712236968,0.13911516889056796,0.05329531140753904,2.0251429150842277,0.7261147005284243,0.846821096583779,1.1026374881000396,-0.1626309984687237,-1.0488607465986783,0.27464370511472497,-0.03524009050763986,-0.9260689101276336,0.9020129591155488,0.6522691750845419,-0.5723301770476483,-0.014795397982864385,-1.3008719427504283,-0.5810075208690574,0.16746446048861727,0.23740533239381822,-0.040370765527291436,0.26174958721239966,-0.4168564677086607,0.06329166505594222,-0.31897474812555315,0.313628859627162,-1.4776134353017387,-0.04139892730608941,-1.930936859170437,-0.20192229123080072,-0.04032575960628441,0.06282517488703838,-0.6857563714292951,-2.4600660316098817,-0.15978071162053895,-1.7272139747189492,-0.2954927016910969,1.080228118256459,-0.7267470766241197,0.5234144434492124,0.26389128563534636,0.1499204341257373,-0.47040916638439295,-0.4879633107539545,-0.37575073398204806,0.761312209181544,-1.255737853439282,1.2814714817312092,-1.137123864642865,0.910789217592819,-1.3870832955314676,0.5238757540610838,-2.58231863817425,1.1810111219317025,-0.8980793250376643,-1.1011337449184957,0.2433088455743849,-0.26838265598899685,-0.9519274127572586,-0.5373019973577988,-1.198473247373217,-0.3052106017299321,-0.5744905559460953,0.17099979942946497,-0.43776620004450384,2.06987527248969,-0.10815263110681098,0.5137633273325222,-0.6976355329251127,1.4510933761760314,0.32768290864378086,-1.544750660926514,1.3609789519621418,-270.0831832874463
